cell_id,sequence_id,config_id,repeat_index,status,bootstrap_ok,bootstrap_track_id,bootstrap_iou,raw_correct_s,raw_wrong_s,raw_lost_s,target_id_switches,target_fragments,target_visible_coverage,tracks_matching_target_mean,false_continuation_absence_s,disappearance_delay_s
dev_june_seq01__canonical_baseline,dev_june_seq01,canonical_baseline,,ok,True,1,0.935017,61.200516816,0.0,0.0,0,1,1.0,1.0,0.0,
dev_june_seq01__match_thresh_higher_1,dev_june_seq01,match_thresh_higher_1,,ok,True,1,0.935017,61.200516816,0.0,0.0,0,1,1.0,1.0,0.0,
dev_june_seq01__match_thresh_lower_1,dev_june_seq01,match_thresh_lower_1,,ok,True,1,0.935017,61.200516816,0.0,0.0,0,1,1.0,1.0,0.0,
dev_june_seq01__track_buffer_higher_1,dev_june_seq01,track_buffer_higher_1,,ok,True,1,0.935017,61.200516816,0.0,0.0,0,1,1.0,1.0,0.0,
dev_june_seq01__track_buffer_lower_1,dev_june_seq01,track_buffer_lower_1,,ok,True,1,0.935017,61.200516816,0.0,0.0,0,1,1.0,1.0,0.0,
dev_june_seq01__track_thresh_higher_1,dev_june_seq01,track_thresh_higher_1,,ok,True,1,0.935017,61.200516816,0.0,0.0,0,1,1.0,1.0,0.0,
dev_june_seq01__track_thresh_lower_1,dev_june_seq01,track_thresh_lower_1,,ok,True,1,0.935017,61.200516816,0.0,0.0,0,1,1.0,1.0,0.0,
dev_june_seq01__canonical_baseline_r1,dev_june_seq01,canonical_baseline,1,ok,True,1,0.935017,61.200516816,0.0,0.0,0,1,1.0,1.0,0.0,
dev_june_seq01__canonical_baseline_r2,dev_june_seq01,canonical_baseline,2,ok,True,1,0.935017,61.200516816,0.0,0.0,0,1,1.0,1.0,0.0,
dev_june_seq03__canonical_baseline,dev_june_seq03,canonical_baseline,,ok,True,1,0.924555,33.83162431299999,0.1002061110000021,49.83496735900001,18,19,0.987053,1.010357,0.0,
dev_june_seq03__match_thresh_higher_1,dev_june_seq03,match_thresh_higher_1,,ok,True,1,0.924555,45.398559381,22.798352262999995,15.569886139000012,17,18,0.988607,1.012947,0.0,
dev_june_seq03__match_thresh_lower_1,dev_june_seq03,match_thresh_lower_1,,ok,True,1,0.924555,27.564887446999993,0.13331811100000124,56.06859222500001,27,28,0.979285,0.994821,0.0,
dev_june_seq03__track_buffer_higher_1,dev_june_seq03,track_buffer_higher_1,,ok,True,1,0.924555,33.83162431299999,0.1002061110000021,49.83496735900001,18,19,0.987053,1.010357,0.0,
dev_june_seq03__track_buffer_lower_1,dev_june_seq03,track_buffer_lower_1,,ok,True,1,0.924555,33.83162431299999,0.1002061110000021,49.83496735900001,18,19,0.987053,1.010357,0.0,
dev_june_seq03__track_thresh_higher_1,dev_june_seq03,track_thresh_higher_1,,ok,True,1,0.924555,27.331960371999994,0.1002061110000021,56.334631300000005,18,19,0.980839,0.997411,0.0,
dev_june_seq03__track_thresh_lower_1,dev_june_seq03,track_thresh_lower_1,,ok,True,1,0.924555,34.03262231299999,0.0,49.73417547000001,21,22,0.987571,1.019161,0.0,
dev_june_seq03__canonical_baseline_r1,dev_june_seq03,canonical_baseline,1,ok,True,1,0.924555,33.83162431299999,0.1002061110000021,49.83496735900001,18,19,0.987053,1.010357,0.0,
dev_june_seq03__canonical_baseline_r2,dev_june_seq03,canonical_baseline,2,ok,True,1,0.924555,33.83162431299999,0.1002061110000021,49.83496735900001,18,19,0.987053,1.010357,0.0,
dev_june_seq04__canonical_baseline,dev_june_seq04,canonical_baseline,,ok,True,5,0.890535,26.567002669,37.50083868200004,8.432200420999969,13,14,0.93477,0.956319,0.0,0.0
dev_june_seq04__match_thresh_higher_1,dev_june_seq04,match_thresh_higher_1,,ok,True,5,0.890535,26.567002669,32.30118548099999,13.631853622000008,13,14,0.935352,0.956902,0.0,0.0
dev_june_seq04__match_thresh_lower_1,dev_june_seq04,match_thresh_lower_1,,ok,True,5,0.890535,26.567002669,6.533687681,39.399351422,12,13,0.927781,0.934188,0.0,0.0
dev_june_seq04__track_buffer_higher_1,dev_june_seq04,track_buffer_higher_1,,ok,True,5,0.890535,26.567002669,37.50083868200004,8.432200420999969,13,14,0.93477,0.956319,0.0,0.0
dev_june_seq04__track_buffer_lower_1,dev_june_seq04,track_buffer_lower_1,,ok,True,5,0.890535,26.567002669,37.50083868200004,8.432200420999969,13,14,0.934188,0.955737,0.0,0.0
dev_june_seq04__track_thresh_higher_1,dev_june_seq04,track_thresh_higher_1,,ok,True,5,0.890535,26.567002669,37.800806941000005,8.132232161999994,8,9,0.919627,0.924869,0.0,0.0
dev_june_seq04__track_thresh_lower_1,dev_june_seq04,track_thresh_lower_1,,ok,True,5,0.890535,26.567002669,38.033928145000004,7.899110957999994,12,13,0.943506,0.967967,0.0,0.0
dev_june_seq04__canonical_baseline_r1,dev_june_seq04,canonical_baseline,1,ok,True,5,0.890535,26.567002669,37.50083868200004,8.432200420999969,13,14,0.93477,0.956319,0.0,0.0
dev_june_seq04__canonical_baseline_r2,dev_june_seq04,canonical_baseline,2,ok,True,5,0.890535,26.567002669,37.50083868200004,8.432200420999969,13,14,0.93477,0.956319,0.0,0.0
dev_may_hard_reentry__canonical_baseline,dev_may_hard_reentry,canonical_baseline,,ok,True,1,0.947474,49.61162548700023,7.6296761429999975,10.623608143999768,9,10,1.0,1.014925,0.0,
dev_may_hard_reentry__match_thresh_higher_1,dev_may_hard_reentry,match_thresh_higher_1,,ok,True,1,0.947474,49.61162548700023,7.6296761429999975,10.623608143999768,9,10,1.0,1.014925,0.0,
dev_may_hard_reentry__match_thresh_lower_1,dev_may_hard_reentry,match_thresh_lower_1,,ok,True,1,0.947474,66.1783408030008,0.03339424100000343,1.6531747299991935,10,11,1.0,1.013682,0.0,
dev_may_hard_reentry__track_buffer_higher_1,dev_may_hard_reentry,track_buffer_higher_1,,ok,True,1,0.947474,49.61162548700023,7.6296761429999975,10.623608143999768,9,10,1.0,1.014925,0.0,
dev_may_hard_reentry__track_buffer_lower_1,dev_may_hard_reentry,track_buffer_lower_1,,ok,True,1,0.947474,49.61162548700023,7.6296761429999975,10.623608143999768,9,10,1.0,1.014925,0.0,
dev_may_hard_reentry__track_thresh_higher_1,dev_may_hard_reentry,track_thresh_higher_1,,ok,True,1,0.947474,66.17923409900081,0.4845729379992534,1.2011027369999425,8,9,1.0,1.012438,0.0,
dev_may_hard_reentry__track_thresh_lower_1,dev_may_hard_reentry,track_thresh_lower_1,,ok,True,1,0.947474,49.61162548700023,7.6296761429999975,10.623608143999768,9,10,1.0,1.014925,0.0,
dev_may_hard_reentry__canonical_baseline_r1,dev_may_hard_reentry,canonical_baseline,1,ok,True,1,0.947474,49.61162548700023,7.6296761429999975,10.623608143999768,9,10,1.0,1.014925,0.0,
dev_may_hard_reentry__canonical_baseline_r2,dev_may_hard_reentry,canonical_baseline,2,ok,True,1,0.947474,49.61162548700023,7.6296761429999975,10.623608143999768,9,10,1.0,1.014925,0.0,
