2964fa90f6c954fc6e3c554768f07771f5613a92	6503eccc3b32a636d8ae2855dc3c9db2cc7c0cab
50626fb91ccc0720226634eee8f70fd9a78026ec	3c1ad91842b03676f7614d93272a1a60ad08c1e1
49744968a8c8189a83add20740c3f688a95fe21a	42e18ec12781a3c8845ce9eacbecec46c6fbdc47
668b235d7ea2e3521cc27367912c19a4e2e49c00	c3a5e5b54e17148c0ecd3c31641988d1e021584a
66c3216bf9f0abcdf71fe4565800e20dcf73e417	1f631c48fe0b2d13535a32a5450c8e9034d3a10f
94cb4c08b0b6737d581b30b7230ee23cd2e0f212	9e73465c6cfd982ef5fbcc8796e64879c78cfe23
b32ef22cab50359cdb1a2f551d4a8bdf2cb6dad7	be9a4573404687f1286b45553506a9c2c2edd350
d344965be1629a9a3dd50d37893d53b27286b28f	580f9c95b13cd36476fc9e462b87e5f14c699efc
e646dc0e7a941cc55092a019b52346b98b19386b	ead2772258f817a0398405a50c33e06e6026ef8f
0210217fe9be4c62fad9f09ee73b4b4f23bca8ef	25a1e85d46f9e7916b860642c109668f198f8806
6b4342959ed6cca592b34b1d86403158f198435a	5e47a8c0a60307525e8156fe776a2a7665fa5b8e
5eb99408ec35676bfd903a2c1f20a4a43eea9c73	8b43b83dca1660d9c75587bba433cb47a12854f8
a38f2a25393c6881214d0475e90c0dc51dc76435	12d0e47ad79eb3b46ad7f572f64b391ff5b06862
2f397f299885d4ff2d5a9f7c7fc6e346f2c8d46a	c851612107635cc1ec0126c4a4e43d4920d439a9
ab7e7387e758561ab8511fbd8ebfbd35ffab114c	0a59b39fbf7d48d2ebd5e779ac7489362badd61e
4f28712667b13da9bdd62f40141eaeb5771a6afa	959fce7a10887e2feb7593314577c78992858a6e
f66ce799748d813c33c59db7c67d7aa155afcb0d	8fecccf0b0d0c0fde4e5601165be4ee93e049ce8
32382477fcf1ee55019a1bab510ebb6240c9b32b	b0523c721347a6adcabda3ee0f57999e51c0ae54
7a732f45b8cb58835b4b0ebf3b7ee9d8add5f960	8c42ad33e89940d185eac4dc80cdbf47c04ea9c3
041deba9edbd141dea931eacb599f548bf6a7c3f	9ee232b2f37688963af2d16f93ae153d08cf207f
1999b9b2fe42a41f2b7775f42c7c3a643a47bf6c	7427868cf6094aa87d287856b2201ba106feeed5
072cb190b70f575753375ee2ca416e9cb8823e96	e0e02793567b973e51725dc60fdb07d370711127
c9f1b6828ad22f3198b2f9948d9190776a63d9aa	43012fd35d587337c933a415de5a7e712d9545b4
189d48f451a6271e2e6a87a9edc847940b99051b	4e917463d12784e8ad3a745b9f9bdad3cb4703e3
6aee55d4a434f71559df9158c9999e96c50f4765	c4ce35493e02ecc26e084902dc5f740fbeca159a
22b9737a868253527c14a571011b1d763fd52aa9	7384475bdd05c659f4c0395b70e7ad1eb7dae85a
fcfbe0c5e09766acff1d1ecef56063cd76b005fb	cf3b7fbe4333b4ca045e6841e8641fce9ed9497a
fc95730a71b021ba1093cc706fa987feee84712f	07fb75ea9a652d3f10973be189120b2a4c397063
b2b34cb8560a9e0e2a188cfc41dab3a1768df453	113430f773d6adbdf7d1d62a40802d6403154222
9901893305af29d99e98a03a08495ee93d489697	40c42d018b0be90a97f3c267f4695be47777178e
59a3896db707a04de357785b1557509403f193cd	15325f4550d3fed1e838a80ffd81e52dff3bd927
7712c4870685f80315e11b5dc0d3b3668c318d52	d0ff407c9a07167c4a6dbb55671f3b6d134fb40c
eb4db17a41d5a87a201295648998dce63d46a4cb	6062d91cace24aa95c24af75cff7298e54352771
7d070d3e5d4c8d07cf453c59264ec98ccab5e1ca	0eadae4dc261b9aa0b3fbbf9664563a757b95bba
605962824c18f9d881e26fffe35867da927614b2	f441eb284ad982567b05328fe3cf8acf0efb23a6
0a7f926490ad4be95cddd32c516b4c66ad1a46a0	eeeaf191177d939f57d598cd400faa3163fcab3c
7c5ae2c10d0a6cd5c5df1e24ba6a77f48a501b81	6d0f982a69c9d38a15566ae5755abc560f03b710
4ab33ec127a47830d245b62596912ecc5747ddd6	1b60812c2877b3752e0b02fe890a8e7ca6816e03
465a7bf2db884b759ec672545c9fa7ab6aa74094	2aae28738f00f4c61f6e34a4ff358f2920661dce
ce8f8895b5edb11d8c2539daf02f0e3df8247d45	e543fd2e12c211bc8a3e982a43339966395552a8
1b71e386b7ff8b3fc93c21c8bddd91a3a890a08f	38af224551ba6869a077c356a4dff32faa0a822a
015f1933b95ed82f8361c0163cbb6f325dcaf3ae	5f8bb7e6bd4deb5fb3b86a064788c9170d8a9f3b
d0dee7133c9cbc60594f07035e652a908bb8c50b	89996332e8192d0d8de4108e4093f2e8eb7bb58f
d28532f7955a12c453162315459f52da8a962aca	b49f7f390df59ae290dba8bbf9c1bcc0d9e18f8a
aa56219b17a30a100bbb523119c31c8827ffab60	467dca43753768791fa336d16add3c06c3d97a9b
940a7e0d06351d3dfac590ce535ce86f1a10618f	4828d6fbb3bb03a933327349d7d0212feec2234e
26d7fd4f3fbc27adf09e570686ef530bb0e878df	f0683bb9f1685e5916766a2e681c688375088807
c2eba1677ca8c854651cbe76b6294be4c7e2aa2f	43fdcb7b2e870a263844af61dd17271dcab4d74c
0fe4eb4ec2f859e7ea6c45692047aa7653f0d0ec	d696166630a5cb8b73df293e67d1e857afd99272
e9267c6ff3ca5b0f6ee0e0c3d4b671ba08754122	bd913b41c104a431634416fb145d4c6be214ce8f
e2ced7269b5a182fb72e57081bdcb18fde74d119	92661c19885df974286a166fd3b67e81612f435b
e41a94a423a2e8a650507b596fcb4952587eb1f5	068ed98c70c76c26fc76f016a51498fb1d92d449
7de063a18713b69bd4580d8e722966dc8e2e9870	1a7db745062db4fc2da8da590ff5de4d8a4cc5a0
a34efd65b3a6d9134f28e848dc01627d929d2ef0	6af660e28a07a9cc70ff57468edcb01e39083e34
6e7512a3c8d326642d1653dd7dff42d57ebbb3cd	bd7adcd9ae2f83705f06fed6eb0dc08e7b8e89cd
0f3f5c31bd24300cebdb78a383d831597dde7217	40da8c53ee21f47d055b715484dad34ca68a680f
ab92139b6b3d05fc0fff60e2a527701d89b5f65b	c5ae2b894aa04ab2177a1d10944b63b1b2d3bc71
2786da9045a05313f70553c694790be61780943a	05d8611b8bb646d42b9048013ddea721bea8d8af
85e9073e067e54edd27daffca769ce197ad10c31	337b0f292292555bb02782c9a769b15305427b36
1b302829211c46c2283af19f14a94531b4ba331b	999a6b75e2f18c264cb1a4d60849a1fe765e56ae
dd8a3bc620fd2eb4cc6167d96ebd4455f0e3a440	d08db3a1b004b5b049b77b866248b0a84ac3cc6c
ec8900b96feb2717544ce014c647701eae60ae68	1435d4b5f00034a426f21d3da9f2164bce760c91
08e6927207904fd636da788306d0cd6692165d2a	a382d63f7be95f028b756786eb7ec42867117b60
a4bc3565373f3d22e5ab339b7383c02671c19b15	3c6e80a277f0362fac94a09cdd79cfe9652ed0e2
b75cd797045f5cfe23d7182818879324c52d4ba7	ada7f1aaf9d5fb22a2138c5b3b46847890075951
bbc19d2182fe0ce6322a93fc29bb88cbeb15169c	f269df9689396cfc9c02dbcf12942631c69502ba
d59fc2be4e2373116787c3dca6efa3ac13e36f69	0569a05f6f581918b84758a32f35c597f8daf57d
b9db4d0d3f4c5f17b080cef962e018634783d18c	e48bd0db8249af6649accce5c03334b685904bcc
867778b6cf5b32651690418a10ef165c1045cea1	7f7e8b677353ae1b86272cce242c5f443f863940
a56c46dbe8ff7eabe84e1dc15462cf8bf5d22925	be0cc3d24a65dbf7b1e01289c078d33949741b0d
7423e25457bcce0b7a952a71f08673ee987db1bd	859e8a314f9f6bd2d56b6a63342667d81638c3cf
925449fef66641b089dc242fea72f02e036ca4ad	46cd5127bb257263e9b8926c48f32eba6166446a
2da11925e8599112c0f30a8c068c205c5af2d42e	59e804b69ba6bab4eb7ef14ef660fcde356ba8c2
5672d14995156ed24d8726a19567802968d70377	c7dcca07c05309a13444ed92e2278c1c254f79fe
467e6515cde9bfc57935876eebf1db89cf9460ec	b3fa543993741058b1fada31214f9a4e7f4ecb8a
67311f2097f6dbea54f98498a564bfc50463fc7c	998ea2d75162e9a2d4ea628587b86cd2a8ae76c5
81df8bb3a0e39491caa6c21f5420f36c8a5b5579	e858f318e616c148dc7b839580eae29a22bc258e
80e288d71a30d0c905487659ecebddf8d0b92b7c	79a6b9286cf164be7ef438d164f1a866ddc086c2
a774ac00a956c7e8554a21edb5bf5992a9a8b013	4ff4e5a048f2fd0cfb80bcf23e9a07b45a465576
92d123e3d8e45d6fc3a8c386194d6f0ca85fc181	a0dd78d33b61bd791191c726d259241776c27fdb
4af90811aa83c399a387ca78346bb6fdb3b9cd5c	ff04b034077bae2b42b62913ec4086fbd8056493
071de5b28a6cb37e98132e26e0db15c4643feaef	28dc8534058c19a44db83cddac6b52bbb7481aec
9bc0a8f0346804fdb0a9040d4749a7eb63e305e7	d00fd6504d420e4a469b47fe9012cf638fe9240b
80b2032d49080f5d486d1defce2b195ee95f8622	cc7faa1dc66456679408ea81a95d4d90669774ea
4fda50838a925fcdc3489f136ff156b4e9f77e2d	22d633b349b969ebee932d1d07030e12f72465d7
a5af1b8bb3705293c15a4273b71f75f7084d8696	2b56889b05fa4b2071b0f036a863904dfe76c1c7
cc474385b779b0ee164754692a9d9c64f23d03c5	25ccdec378c88af51dff5c4f74b56aa8b5d32bac
735385abfce1dc2fb8fc56f698744dcf2f2d84d2	bd574472ae168740eab6886c6c2ab1cc7b719013
d321b3d60eb5050450e9d170b62356aebc1f1e65	6e9adbadea959968bf676d626e7992e766a3a39b
fd3e23167b8603cfa457ca055a37e0f297c31e6a	7c61a6e41bbca05fea7ea5ecf91137d4e4461358
d47b686ca3d99fa1be340d2318fbd287f41e7de4	4a465ca569391fa39799231abc292ba1f3b9c829
85bef616ae90445683b129d9b30d58a76d5c25bd	2c29bca2f7442501fad91c1fa67a58e0dac2c9f1
6572a0e9b97eb20f4f0cdb2e618c38c912899bba	e95bd340128412b14eb764ae10a936e92a0ea8df
e1295fc4fb09975133833efc667f6d1cfaff6c16	706f20ed3e76758289863fa918b4d0ad745af2bf
82b66dcbeacfd9acfda15a69d8162ce09c413a0e	9cfbd547790d2e3ded6298c043ab021098bcfb4e
be571a38dfe9b439000620edcb0358b5b769954d	c68d8dfd456f6bfe7eabb55a0dff8ba98ea624b7
8e88a471c87b4224d1e5b830b59eacfe86fb159b	8bb72acceb1f9808e15627c7186d71aaa2b90220
046ff8b3192a756562a807117b80518c3de4302e	41fef588f8b036d0c04e22f4f215b77041aa3982
5b1d845272d0a5b2be7bc702215109f21826a001	027314cf459d7d1e05389d5ed2e53c572fd24678
64cce622a6eb6bc27faf9b8b9b1de0960e33db47	b2f59084b5a30d83ee8012522e9b0c6ee1ef90fc
2f5b3eed6e2617836e60ba4eb9e7231535727b64	f45fd492118876c2e64fae906306604e6c9ebbd7
662f8dcbb5237edd80ad9a2973e2f713a9cbb92e	6da91456bf32c39c994b9da76f696901dbd976f8
b69906cd5b0e11b16bbc144707bdfb21d4a49aea	8124a183b1b2f859e9506a9cefe42db8639eafde
5ffcd67a962548faa695d627039b04375a81a586	2227d8110162212ec3d6ad69adf6905fe953b1a0
1c159a4e50db7140a515d5278296dc5e95bda70d	281d9e441de19f24495fad8b350be73e6680f13d
e4e0dad06cebccfb9c1e6b6b29c819a55a1783df	782946d931a876b1167540f5a03dca1cced17a59
2476991d262f7f388930aece0d731745f20dc1b3	29953460a0339be99314fb4d92d62a0ea1d197a4
fff195accd0adb488068d1525cace2bc452b383b	f2224a068aeb0692eb189fb905e08580b38ca154
d51a485749290604a866fcdb5ffe0e393c6df460	64e961cf85a5ef57fc3235d80e725086a08b3bd1
afa6155153b26a9088313e1672fbb06065550e79	c52e8fd58a9ea52dfe3b3390d3f3a05abae52e77
a1ef113cfb62c6931834eca3ae796591a9ce408e	6a5f9500d844aee7faaadf7f8f591a2fb00b7da5
edeadba1147d0f7c752d3d0da72d26d22d9c1d68	3340bee6819228190f00d82c3e13eb21cd6cff61
37b97cccf81ee2bc9fde09969df94261ab0fb94f	86104970c1cf41e09e9f9c891ebdfff8966da318
4f467142bd5b31d78a7356fac8f565d7dd902dc5	c28bb770991e450d37524aafea32a297ae82f578
be0ecf39541f647900e6b711b173261544a58c4d	3c8202e337de69c582cb8f55058f7f8c5832f7b9
36636e9bd7533041875fb15856485bbe51ab6c9c	5746aa8d79965691c840f9796cb83cec86401775
ffaf5052b71cd31b970ddbfbc0dee14c307ac183	12424407e434fe856d96c3df91f48fdc70877891
4056de890dd3ff7088ff7c7a9e5883cb867f3136	b11dd2095cb2b7194f2433dfe76f03e1729f3d0e
08d8f09ad1b6a0b87cfea86ea606307185f8bf5d	cb9b9123a3d9d0aa7bcace54a10da85b88e2d09d
14c3ef20755863e7ced3350fe823ccc017277ae3	ac37aea35a46bc161118b384cf79a8ab2c6781a7
2e20fbe6a8c0d1d018602259ca60defae357dfa4	34e283778d2ec8a23c901eec22615d16a8198e2d
95dbb62b03a42a0d6d27e34c181a4dc98695d578	ee9bd55a450902538f30c1bb08b20bb7afd5b1d6
7ea81b079d556896ec766fef2df3af618acb423d	784767b2a726cf973fcadee60907dafa3c1e2b7b
4520a6883bf9070af1851fc25da247aae6c21e7d	c07535b4737394563ef65f0fd8fcd3728b2dbbff
94b0b6e95d1959404ce8d7dea67877749f072588	ac893cf44d20e36825dc129e5095b88c40e88eeb
d887cfe61aada2dc924b2569b91c3e75c0760d06	c89b55a3f2fefab5ee25e866859cfc02f5317da1
b55df2506d5e304f8d2fb1632452b3e72eb2a061	ae167318b1a243f256f7273c280b84f654585344
afa3b4186fdccda3880ef7e7e2c097a325bc6ba2	d2b62bde31fda2dbfca71b32d2bede0f4b64add5
d7737e25c7e8550a566f262a5fb2b26466d22163	d581728ae912d0dae51cd0ceacf310ed3d788a98
afe1c90eb6022573481be0cfba5154e06ede9a5f	04d23b2b85ea3c94797274d78273c2b1b2f2555c
add0ff759eff63ad3d2274a4e656ea5810f74f2d	65f9d77856e71b1f2c77086ed7a058263b1ea5a3
7a4e95e6a2d1a06d7b4b173cc2ede1ef450d56fb	9567d2bd2ea8a5bec456914b54390436c34ee8c8
23dfe589297411422491ed6c7f3de98c99bc232f	4e78933ce9f33bc51b595a92ec9fee637d2dbda2
79ffa0b4c6f92373e252822b23305b90cd9ecc9d	771b4a3c9263ab7f521da8117c9045117a87e10a
ebd5b460b1e0d5b88e7543df6d7b2dc39c827bf9	2da61180c874fbc9bfe025fee8211ede90485dae
de1b4ac6250773045f467572eddcc28856928200	e7763efc80041e6ff2ea4a6b05cb3282bdff496b
c47ae5d6ff2727dc7e87d503651b003611e57807	a64fdecddb5f241992def6c28032bbe6c7c0bed2
d3edbcc537b92f5ef66771911015e620fc7467d2	7930bf641f7f6431dd127b3f6fd8e15d15ce4956
75147ecb0e4edce81f54aea1b303a25df0572d45	0d5da9a0d756f2aac5c852ce4bac2d7595eb2a27
835626948bc18c55dbc961ccb1076978fb7bdf20	5753d52e927ddf399a0d148360352c47b941c63b
c38163d3f013c0a1b2339573dcca68d14bf0a614	5b2d957da10593aad4d519d5c3271f819150550e
79f11b631688889bf5ffbeb3c16ef543a53f9973	dd22b93a12d64fce2e460991aa6a10ea633cdfbd
1b38a8cc27188e94b1c08ff6d555712cec752ed9	a1410099f4f2b4ad543b5ccf8de56aac81497ddc
2c80e718274ce4da82ce329b04a56d35b8893ef6	3c856619b799b1beb37452db5509c3e389efe109
0087b8660d0777c99aa2b9666f7e60822d0eb090	4a95cf4f64d698b661cc1f05f8c6219e1f4163b3
8d04b451bba257b8878b693374456ce68438f2b2	050032878bb9e6e2351c079b085b4a22f48cef73
15b2604dd03e7f76d2fe9be847df4927207fcbc3	1ef4aa3d194d3dab0aaa96569b9051bf227b45c7
8956d6e593b210fb2532b926793e89a1fe87777d	6986f1fff97af4b795bfeb8607f500600acf17ba
ee0d54c82b36e28302d145747760e481addd7d4b	f7a19c82cedb13d58090c796200ddbee70f0d38c
de2e7547f3932a96cab226591db0118fb23cc519	5d7599259d3dec183c5c5dd45a41bd533c4338c7
0dbdd5dc56f7ca7a03200ef27c24ec651e4b61aa	9ca14a40c4fe15cee6144b3accffb5d21113e61d
1390640ead5e9c096941a74a5f84d06379c398aa	7f18f77e39a00c2691563603741ebb19f0a8ae98
1f57e2d55ec41342edc75e48032106b69278ae04	7d01a71662e10c142eb8041e031c69546288da99
b6c46cb725e9519f6c3a732e056d262eb5b6497f	b3a4522c1cd33d1aa9a171af106949ebf83ac1ba
e0f9135d0193b33759dc0cdd3a9f15f7f276069e	e99be66a49f9a3edd9300feb6c833e2d97d2f3f2
b7d1b0a5db7d069306543d799e779df8c0aaad31	4164f59025b3aaa0d3dd5875f9e63e565438ce32
34f05db5c37c532ca0a913af8e008b46577f798f	6530ce956f93678720383ca7182cc2a8bb1e8d9b
f4552bf7405f555cee608ff4989186d461090a6a	90619abb78a39598dce013be01fda87cadd43335
6af9bae6317098a738505734ee85d81134fe3fbb	b5746e401143cb6f475cacf82b0f611ebfb42730
1399fa3ad8622971782cb3fe75fa0a9ae266a122	28436d59edc6ca6684aea4da4d62670078567043
65a8607549a562b1b3dda95c85141ecb174a9152	a064e3e8841aa8d179d91f7452b30c70fbb8b207
1d2c4502fa3f66fe018321aa4ab15d9b1252023e	c6d28479a0051c8f4d6544fa3b3bdbdaa3a5aceb
8c851c812c283f42f70fa43f12f2a32c85421860	5e82a2c80841065aa7eb324813ee4bad69a60413
f5d113ff4f8ccd7febc133ac13d8636781fdcb5d	5c11e5568201c49639b6d25a67b57d509d4a87e4
3abcd6ee2173482ab17d5737a3a0c237f40e2709	4353e925568a321276f649c2226a5ea7531639de
b6db5de9af9d6bda4862c830c2e3a60dfa5dd721	b4fc4e0f152022fc1e7b8a3b2bff78cf73e37fd9
de6bc167e695eb9861c99542c1c65a2dd3ed7886	7575bf3b45d205665e3f7f80f801267bf0bcfb1e
dcb06625d973025706d0f8dccb4fce8bd7dee7cf	cc9b984e50ad1ffede85bd5b1046e5f8a5c1c58b
8c8b259603815235c0bddd165acda401a2c74fb7	c972cadb46ae817ff4560628519f403709124de6
56a8f054f3b258cac050148a9c24bae6aa069627	b6b554ca1f6b9801e6b0ac01351685cb2256f0e8
696b04ac35f59047ade6e7b73ccb5a0eeb4872b3	7e69f1d8bdbfb4ec774a4bca9cf77dbce6f6f8d5
94d6efc7e6ac8232729b6cdcd274aad2a04a4dfa	ce4bca2ea27629d313266e339bd46bcfe112083f
61ca97cc78b7f5e0dd298886393af8bbc0a11dc6	35526c8edd8ded5cd049e5fc8fb1c4ea93946282
934d3184098b7489b21720bf84a212e914392895	0b13b168ec99b4eac22cd6c0fe5f57c8adbe6f26
26d8579a0960fe8fdb7e92a3c770058836a28ae1	c4cc98e459f7d9315ae8559fc656dd0363eb7ba5
369b9d221340b72ef29d5ee40d1bb422ca0968cc	9893894e9b2acc587566e87fb5c64bfa491da6df
f17e2768d4bb1db164d868eb60836e86ee4397e1	febfb78c4252a6f5bd120551e4ff1b98d153a13c
5bf25bd72e07d95022c7bcadb086ac5528673ddc	5d9e6f4ec4ba7e192f4ada7217f8776c7eb9fbe4
6eae317d816403fcd6c5705ad5d8b8e2a302850e	71608a3d053e666b6cf364ff26497e1744403ebd
100c9b3a5229fc9a9bebc660fb4d8ff5d39027cc	01f302656072008cd3fd77b8c8d964a50cc6811d
8b790d6b1bb88c0201e93187047e376d0039a5f1	a91b3768ba702823572f5e5678e5540be3b0cc48
c5f8da4015ab0dbc7b209cd7925096736454a7be	b0f7e54b0bec0a6c3f5a2dbdf9c7616f06e440ce
683dbf51e542cf0459ce8c2683a30afa0e5bf4f9	255a022ff777f20ba0ed0764e1b6091d3ce433ad
e275ceb1230c874bdf51c26159036ed8e2b4db56	abf0d264d650695ec55a74c07bc30936a91c21f1
11c17bbdbbb0c42934026a622dee73eafc793e7b	37a52ef94add607d48c718b08495d2f2054a5dfb
4a5577bf0f801bb1f58de2c42d3f593f480870ac	46c120cfaad719a07d06274f6c727ab975e38044
ad35ac78328e4bdc4d7101e5e1c7f41da25dfc17	b43fff1692e4d1e7e1004a3b7d98dcfb6483e6ba
16dacaf01f6b162a8a476579c207c837cf143ff9	e6f69605d822acd613629dcd2998336c843737f3
a2e60f4e6241bbc9395b17facc441f04113a6491	093e2ecd16f42e470d6050cce09cbc0c393d8620
f631b08c950491cde54108db972e320ff77905c2	39da49bdb9ffc1304ffd75619c8a1586f490a875
3fa7d67a29b760747267385ab71a121b804b18da	2fdc87667633742c49d62e15cf5dd7d8b48906ea
4f22ca260cf9d2c5fe7f71c74b5cc5af914128ae	5a9250dfdd48a328c85e0fef8ebe6f202da1288e
f2e41a74a077384d4da8045a11708b1ad7435b8d	e1340bc875b05532b521ce064712661f63a44625
05c1daaf9956a7dd2afa1254b298b766969f68ab	5d175c994ae6db5f660090c44bf2597737dedbda
d1e1a149c99b46e76d56d0debac9d5c502c4dbb4	f9a0537fdcf033c171efdaf40b7c215d67df47b1
9d4549246580cf7cb4443d7254bea73bad618739	812ff275781738f6bc69c1e2771b9dc97a6f495a
09e04a7ad73b683d6edd94f16ff63bfb449a5345	150e5e4931d2d94b27ee57aeb7354f0ee567cf4b
46fa5a74cc108a24fb43d607341c25c8978b70ea	b67abff54f8827b1bf524a4cf72243ca02674a9c
4edb2772e9676857a20448d0fe425a05761c9ab9	8882eb485718a7dea34b7634b4aad3f5d02cc79e
e6085cd16a14e1e495f3ca4f6033a9181c5ca04b	ab731f6f23a8cdaaa65c81837ff915bd4399b0cc
52d322bda9bbf40248c5bd495660b6ef85da18b1	a62f5a016c20dd2dcda341acb54378839c350f4c
07da81faefd7c550971f35f12986d8619f77511c	39d1e48cfe709c3a80a962ad0895685a2c6144a4
4ad9770e4333f34c92397c09305a2cba0414289d	0cb1b1611798a263d88e9dd1cfefb145ec731cb3
902b35a35dd0b39b738c3c30c382a4b9ac942372	abe9af81579a382083233dbcd3edbe193831bc64
5ec84533d2aba62cf8e530fc37f84d966d0742d5	f8933eb9cc9736d10ea55babcd9e17953fc8f15f
a8cd87a27d6cddde2d557a1c4c9f0bdd12f8548a	c15634fc1c769789d25597d4cc9cc48f81e963e1
db4f490ed33992ac1b983ea2a1e8915ca8f45372	7d266c064ca4b9ad24d61ba39b77ffdbcffddbda
c25d1bd4787c4fff55902f85a54d015a90e18140	5e1560e13c182bed35bb46cb633e41ec033c5e2c
afc451cc8d0a5e23b35201cedb86c38a29e12c57	b524f61ec52ddf8608c80b961c94bacb83c4dd14
d9b001298a5b8b38756f91d8490f8c248b96c7a6	1cea5410e0ea6d987d81ea8b43266064b625e4bb
f11e949e96e3cecd66d945a9831943ca91fb0e8d	f9d97d7606d5011dfecdd69d24d35be2d4cddc4c
c77d89ed1e3f6c1619890a55c287df85a7b4d217	d88648185e2d7b554685f43ec548875eeedd8b16
dc4c5c39cfbe9911b63cb9757d01ca3de096f696	4aa99995ae1425b864cdf3b8baee0a3382ef2f9f
f63c079f08af750b46d530b26a9e0fc2584de1ee	67290703ae69643b32b6670fe25838b499d57774
292252eafbb059150f00bd3e3f41ed365a0eabe2	d02f456b8317abfe581475820772c382b5d18d13
c25d673c0b1d1b4e785b232e2d5b02a35d9f1dca	1c0194108bffa566ee2453279278f873ef983579
c11bbc77a9a9a84debbcc8620ce843340d36a357	42cd0c2adf10b3ff25169991804152754e2a6885
48cee2779352bdee43d06370e35b2d4baa35789d	6e17c2bf0e02ff6572f17a7a941c96ccad401b48
