run_id	condition	frame_id	gallery	gallery_size	state	control_mode	candidate_track_ids	target_track_id	best_track_id	all_scores_exact	best_present	strict_full	mars_top1	repvgg_top1	mars_margin	repvgg_margin	pairwise_agreement	pairwise_disagreement	pairwise_ties
r1_all_candidates_hailo	all_candidates_hailo	201	all_target_history	3	LOCKED	NORMAL	[1,2]	1	1	True	True	True	1	1	0.23533393578352513	0.3922881014886846	1	0	0
r1_all_candidates_hailo	all_candidates_hailo	201	updated_target_gallery	3	LOCKED	NORMAL	[1,2]	1	1	True	True	True	1	1	0.23533393578352513	0.3922881014886846	1	0	0
r1_all_candidates_hailo	all_candidates_hailo	203	all_target_history	4	LOCKED	NORMAL	[1,2]	1	1	True	True	True	1	1	0.37964885715645	0.4260770513792391	1	0	0
r1_all_candidates_hailo	all_candidates_hailo	203	updated_target_gallery	4	LOCKED	NORMAL	[1,2]	1	1	True	True	True	1	1	0.37964885715645	0.4260770513792391	1	0	0
r1_all_candidates_hailo	all_candidates_hailo	240	all_target_history	5	LOCKED	NORMAL	[1,2]	1	1	True	True	True	1	1	0.47217698814965325	0.39576315637648285	1	0	0
r1_all_candidates_hailo	all_candidates_hailo	240	updated_target_gallery	5	LOCKED	NORMAL	[1,2]	1	1	True	True	True	1	1	0.47217698814965325	0.39576315637648285	1	0	0
r1_all_candidates_hailo	all_candidates_hailo	251	all_target_history	6	LOCKED	NORMAL	[1,2]	1	1	True	True	True	1	1	0.35916246961002984	0.38356241824964266	1	0	0
r1_all_candidates_hailo	all_candidates_hailo	251	updated_target_gallery	6	LOCKED	NORMAL	[1,2]	1	1	True	True	True	1	1	0.35916246961002984	0.38356241824964266	1	0	0
r1_all_candidates_hailo	all_candidates_hailo	256	all_target_history	7	LOCKED	NORMAL	[1,2]	1	1	True	True	True	1	1	0.4361241889056229	0.41168259591506706	1	0	0
r1_all_candidates_hailo	all_candidates_hailo	256	updated_target_gallery	7	LOCKED	NORMAL	[1,2]	1	1	True	True	True	1	1	0.4361241889056229	0.41168259591506706	1	0	0
r1_all_candidates_hailo	all_candidates_hailo	268	all_target_history	10	LOCKED	NORMAL	[1,2]	1	1	True	True	True	1	1	0.3646139725755567	0.3634083377275472	1	0	0
r1_all_candidates_hailo	all_candidates_hailo	268	updated_target_gallery	10	LOCKED	NORMAL	[1,2]	1	1	True	True	True	1	1	0.3646139725755567	0.3634083377275472	1	0	0
r1_all_candidates_hailo	all_candidates_hailo	282	all_target_history	12	LOCKED	NORMAL	[1,2]	1	1	True	True	True	1	1	0.3599534164412953	0.35181631041687633	1	0	0
r1_all_candidates_hailo	all_candidates_hailo	282	updated_target_gallery	12	LOCKED	NORMAL	[1,2]	1	1	True	True	True	1	1	0.3599534164412953	0.35181631041687633	1	0	0
r1_all_candidates_hailo	all_candidates_hailo	534	all_target_history	35	LOCKED	NORMAL	[1,2]	1	1	True	True	True	1	1	0.4630999321286545	0.25561799993380685	1	0	0
r1_all_candidates_hailo	all_candidates_hailo	534	updated_target_gallery	33	LOCKED	NORMAL	[1,2]	1	1	True	True	True	1	1	0.46770110861846137	0.25889982311073356	1	0	0
r1_all_candidates_hailo	all_candidates_hailo	558	all_target_history	36	LOCKED	NORMAL	[1,2,35]	1	1	True	True	True	1	1	0.14944271754640992	0.10630639944281828	2	1	0
r1_all_candidates_hailo	all_candidates_hailo	558	updated_target_gallery	34	LOCKED	NORMAL	[1,2,35]	1	1	True	True	True	1	1	0.1500065568089497	0.10460169815460407	2	1	0
r1_all_candidates_hailo	all_candidates_hailo	663	all_target_history	41	LOCKED	NORMAL	[1,41]	1	1	True	True	True	1	1	0.23453298359759567	0.41720205345117967	1	0	0
r1_all_candidates_hailo	all_candidates_hailo	663	updated_target_gallery	39	LOCKED	NORMAL	[1,41]	1	1	True	True	True	1	1	0.23201497514457814	0.41792849937583765	1	0	0
r1_all_candidates_hailo	all_candidates_hailo	721	all_target_history	45	LOCKED	NORMAL	[1,41]	1	1	True	True	True	1	1	0.24849087422252436	0.396250806976131	1	0	0
r1_all_candidates_hailo	all_candidates_hailo	721	updated_target_gallery	41	LOCKED	NORMAL	[1,41]	1	1	True	True	True	1	1	0.24829385531499226	0.3995069927757605	1	0	0
r1_all_candidates_hailo	all_candidates_hailo	724	all_target_history	46	LOCKED	NORMAL	[1,41]	1	1	True	True	True	1	1	0.1505194573739953	0.36045268145316567	1	0	0
r1_all_candidates_hailo	all_candidates_hailo	724	updated_target_gallery	42	LOCKED	NORMAL	[1,41]	1	1	True	True	True	1	1	0.14985035050399442	0.3588328598743392	1	0	0
r1_all_candidates_hailo	all_candidates_hailo	734	all_target_history	48	LOCKED	NORMAL	[1,41]	1	1	True	True	True	1	1	0.22745238850377314	0.3378627193128172	1	0	0
r1_all_candidates_hailo	all_candidates_hailo	734	updated_target_gallery	44	LOCKED	NORMAL	[1,41]	1	1	True	True	True	1	1	0.2268096268191684	0.33301281701302654	1	0	0
r1_all_candidates_hailo	all_candidates_hailo	811	all_target_history	63	LOCKED	NORMAL	[1,41]	1	1	True	True	True	1	1	0.27475842286177765	0.30128579187630045	1	0	0
r1_all_candidates_hailo	all_candidates_hailo	811	updated_target_gallery	59	LOCKED	NORMAL	[1,41]	1	1	True	True	True	1	1	0.27862595067085216	0.3052582145993661	1	0	0
r1_all_candidates_hailo	all_candidates_hailo	823	all_target_history	66	LOCKED	NORMAL	[1,41]	1	1	True	True	True	1	1	0.18127496583041314	0.22392195339411236	1	0	0
r1_all_candidates_hailo	all_candidates_hailo	823	updated_target_gallery	61	LOCKED	NORMAL	[1,41]	1	1	True	True	True	1	1	0.18250395847426626	0.225601992743934	1	0	0
r1_all_candidates_hailo	all_candidates_hailo	850	all_target_history	69	LOCKED	NORMAL	[1,41]	41	41	True	True	True	41	41	0.23852501496070122	0.3317871103477299	1	0	0
r1_all_candidates_hailo	all_candidates_hailo	850	updated_target_gallery	61	LOCKED	NORMAL	[1,41]	41	41	True	True	True	41	41	0.2546912157944067	0.3527894961435326	1	0	0
r1_all_candidates_hailo	all_candidates_hailo	865	all_target_history	70	LOCKED	NORMAL	[1,41]	41	41	True	True	True	41	41	0.1864869083802001	0.2772187028539217	1	0	0
r1_all_candidates_hailo	all_candidates_hailo	865	updated_target_gallery	62	LOCKED	NORMAL	[1,41]	41	41	True	True	True	41	41	0.20183432234715126	0.293732132644311	1	0	0
r1_all_candidates_hailo	all_candidates_hailo	887	all_target_history	72	LOCKED	NORMAL	[1,41]	41	41	True	True	True	41	41	0.23054466670142149	0.3467190261525971	1	0	0
r1_all_candidates_hailo	all_candidates_hailo	887	updated_target_gallery	64	LOCKED	NORMAL	[1,41]	41	41	True	True	True	41	41	0.24782386864256245	0.36439776140772473	1	0	0
r1_all_candidates_hailo	all_candidates_hailo	896	all_target_history	73	LOCKED	NORMAL	[1,41]	41	41	True	True	True	41	41	0.10034005307774907	0.19711980503678017	1	0	0
r1_all_candidates_hailo	all_candidates_hailo	896	updated_target_gallery	65	LOCKED	NORMAL	[1,41]	41	41	True	True	True	41	41	0.10947533578009627	0.20997886294853219	1	0	0
r1_all_candidates_hailo	all_candidates_hailo	937	all_target_history	81	LOCKED	NORMAL	[41,60]	41	41	True	True	True	41	41	0.27829767292274377	0.26122508900907704	1	0	0
r1_all_candidates_hailo	all_candidates_hailo	937	updated_target_gallery	68	LOCKED	NORMAL	[41,60]	41	41	True	True	True	41	41	0.28918796287829973	0.2780898102812288	1	0	0
r1_ambiguity_guarded_hailo	ambiguity_guarded_hailo	701	all_target_history	101	LOST	HOVER	[1,41]	1	1	False	True	False	1	1	0.31054767334072675	0.36033448091689635	1	0	0
r1_ambiguity_guarded_hailo	ambiguity_guarded_hailo	701	updated_target_gallery	94	LOST	HOVER	[1,41]	1	1	False	True	False	1	1	0.30795317738807815	0.3553835264891967	1	0	0
r1_ambiguity_guarded_hailo	ambiguity_guarded_hailo	708	all_target_history	102	REACQUIRED	CONFIRM	[1,41]	1	1	False	True	False	1	1	0.39113340262135554	0.40895202108446804	1	0	0
r1_ambiguity_guarded_hailo	ambiguity_guarded_hailo	708	updated_target_gallery	94	REACQUIRED	CONFIRM	[1,41]	1	1	False	True	False	1	1	0.3911771004987511	0.40788669411128786	1	0	0
r1_ambiguity_guarded_hailo	ambiguity_guarded_hailo	834	all_target_history	128	LOST	HOVER	[1,41]	1	41	False	True	False	41	1	0.055982181665922726	0.058595194956613805	0	1	0
r1_ambiguity_guarded_hailo	ambiguity_guarded_hailo	834	updated_target_gallery	117	LOST	HOVER	[1,41]	1	41	False	True	False	41	1	0.0577848948703652	0.057085404896425995	0	1	0
r1_ambiguity_guarded_hailo	ambiguity_guarded_hailo	839	all_target_history	129	LOST	HOVER	[1,41]	1	41	True	True	True	41	41	0.30290274361873804	0.2853206130276602	1	0	0
r1_ambiguity_guarded_hailo	ambiguity_guarded_hailo	839	updated_target_gallery	117	LOST	HOVER	[1,41]	1	41	True	True	True	41	41	0.3089939920369953	0.2903313252899644	1	0	0
r1_ambiguity_guarded_hailo	ambiguity_guarded_hailo	842	all_target_history	130	REACQUIRED	CONFIRM	[1,41]	1	41	True	True	True	41	41	0.3262285852299698	0.3880189468042998	1	0	0
r1_ambiguity_guarded_hailo	ambiguity_guarded_hailo	842	updated_target_gallery	117	REACQUIRED	CONFIRM	[1,41]	1	41	True	True	True	41	41	0.33720938838285697	0.39857986862058503	1	0	0
r2_all_candidates_hailo	all_candidates_hailo	170	all_target_history	3	LOCKED	NORMAL	[1,2]	1	1	True	True	True	1	1	0.39676606364584854	0.47360872134625465	1	0	0
r2_all_candidates_hailo	all_candidates_hailo	170	updated_target_gallery	3	LOCKED	NORMAL	[1,2]	1	1	True	True	True	1	1	0.39676606364584854	0.47360872134625465	1	0	0
r2_all_candidates_hailo	all_candidates_hailo	186	all_target_history	4	LOCKED	NORMAL	[1,2]	1	1	True	True	True	1	1	0.4191316695525984	0.48421014889728314	1	0	0
r2_all_candidates_hailo	all_candidates_hailo	186	updated_target_gallery	4	LOCKED	NORMAL	[1,2]	1	1	True	True	True	1	1	0.4191316695525984	0.48421014889728314	1	0	0
r2_all_candidates_hailo	all_candidates_hailo	192	all_target_history	5	LOCKED	NORMAL	[1,2]	1	1	True	True	True	1	1	0.3770384626244052	0.35926007281112315	1	0	0
r2_all_candidates_hailo	all_candidates_hailo	192	updated_target_gallery	5	LOCKED	NORMAL	[1,2]	1	1	True	True	True	1	1	0.3770384626244052	0.35926007281112315	1	0	0
r2_all_candidates_hailo	all_candidates_hailo	217	all_target_history	7	LOCKED	NORMAL	[1,2]	1	1	True	True	True	1	1	0.3507487862114179	0.4427071598473311	1	0	0
r2_all_candidates_hailo	all_candidates_hailo	217	updated_target_gallery	7	LOCKED	NORMAL	[1,2]	1	1	True	True	True	1	1	0.3507487862114179	0.4427071598473311	1	0	0
r2_all_candidates_hailo	all_candidates_hailo	224	all_target_history	8	LOCKED	NORMAL	[1,2]	1	1	True	True	True	1	1	0.41280695576445836	0.4566605668088455	1	0	0
r2_all_candidates_hailo	all_candidates_hailo	224	updated_target_gallery	8	LOCKED	NORMAL	[1,2]	1	1	True	True	True	1	1	0.41280695576445836	0.4566605668088455	1	0	0
r2_all_candidates_hailo	all_candidates_hailo	235	all_target_history	11	LOCKED	NORMAL	[1,2]	1	1	True	True	True	1	1	0.5006417216798933	0.3524003383871439	1	0	0
r2_all_candidates_hailo	all_candidates_hailo	235	updated_target_gallery	11	LOCKED	NORMAL	[1,2]	1	1	True	True	True	1	1	0.5006417216798933	0.3524003383871439	1	0	0
r2_all_candidates_hailo	all_candidates_hailo	251	all_target_history	12	LOCKED	NORMAL	[1,2]	1	1	True	True	True	1	1	0.35226657852364895	0.3752780099924474	1	0	0
r2_all_candidates_hailo	all_candidates_hailo	251	updated_target_gallery	12	LOCKED	NORMAL	[1,2]	1	1	True	True	True	1	1	0.35226657852364895	0.3752780099924474	1	0	0
r2_all_candidates_hailo	all_candidates_hailo	384	all_target_history	19	LOCKED	NORMAL	[1,2]	1	1	True	True	True	1	1	0.35625955240248885	0.33929923127101325	1	0	0
r2_all_candidates_hailo	all_candidates_hailo	384	updated_target_gallery	19	LOCKED	NORMAL	[1,2]	1	1	True	True	True	1	1	0.35625955240248885	0.33929923127101325	1	0	0
r2_all_candidates_hailo	all_candidates_hailo	534	all_target_history	39	LOCKED	NORMAL	[1,2]	1	1	True	True	True	1	1	0.46598134437792704	0.272449533915073	1	0	0
r2_all_candidates_hailo	all_candidates_hailo	534	updated_target_gallery	36	LOCKED	NORMAL	[1,2]	1	1	True	True	True	1	1	0.4717005586150031	0.27731304302224846	1	0	0
r2_all_candidates_hailo	all_candidates_hailo	654	all_target_history	46	LOCKED	NORMAL	[1,41]	1	1	True	True	True	1	1	0.3383153078573742	0.3938467307131097	1	0	0
r2_all_candidates_hailo	all_candidates_hailo	654	updated_target_gallery	43	LOCKED	NORMAL	[1,41]	1	1	True	True	True	1	1	0.33537256326920295	0.39322115599906726	1	0	0
r2_all_candidates_hailo	all_candidates_hailo	660	all_target_history	47	LOCKED	NORMAL	[1,41]	1	1	True	True	True	1	1	0.3235384253803494	0.44093972340585275	1	0	0
r2_all_candidates_hailo	all_candidates_hailo	660	updated_target_gallery	44	LOCKED	NORMAL	[1,41]	1	1	True	True	True	1	1	0.32356745848699375	0.4408353699999449	1	0	0
r2_all_candidates_hailo	all_candidates_hailo	672	all_target_history	49	LOCKED	NORMAL	[1,41]	1	1	True	True	True	1	1	0.24226365322578303	0.4195062396969508	1	0	0
r2_all_candidates_hailo	all_candidates_hailo	672	updated_target_gallery	46	LOCKED	NORMAL	[1,41]	1	1	True	True	True	1	1	0.2438348500218095	0.4196724510715695	1	0	0
r2_all_candidates_hailo	all_candidates_hailo	734	all_target_history	55	LOCKED	NORMAL	[1,41]	1	1	True	True	True	1	1	0.23865741237192828	0.3587357084399163	1	0	0
r2_all_candidates_hailo	all_candidates_hailo	734	updated_target_gallery	50	LOCKED	NORMAL	[1,41]	1	1	True	True	True	1	1	0.2389229973600584	0.3551800233365163	1	0	0
r2_all_candidates_hailo	all_candidates_hailo	842	all_target_history	75	REACQUIRED	CONFIRM	[1,41]	1	41	True	True	True	41	41	0.3163789560931872	0.37535915401647924	1	0	0
r2_all_candidates_hailo	all_candidates_hailo	842	updated_target_gallery	66	REACQUIRED	CONFIRM	[1,41]	1	41	True	True	True	41	41	0.3320556605713374	0.39062303834145706	1	0	0
r2_all_candidates_hailo	all_candidates_hailo	859	all_target_history	76	LOCKED	NORMAL	[1,41]	41	41	True	True	True	41	41	0.2581967073581036	0.3521592022554306	1	0	0
r2_all_candidates_hailo	all_candidates_hailo	859	updated_target_gallery	66	LOCKED	NORMAL	[1,41]	41	41	True	True	True	41	41	0.27715880420548944	0.3750471962874321	1	0	0
r2_all_candidates_hailo	all_candidates_hailo	865	all_target_history	77	LOCKED	NORMAL	[1,41]	41	41	True	True	True	41	41	0.18435955789566394	0.2740837517799122	1	0	0
r2_all_candidates_hailo	all_candidates_hailo	865	updated_target_gallery	67	LOCKED	NORMAL	[1,41]	41	41	True	True	True	41	41	0.20263389647772756	0.2924926096626974	1	0	0
r2_all_candidates_hailo	all_candidates_hailo	887	all_target_history	80	LOCKED	NORMAL	[1,41]	41	41	True	True	True	41	41	0.22745075336521892	0.34107710935955604	1	0	0
r2_all_candidates_hailo	all_candidates_hailo	887	updated_target_gallery	70	LOCKED	NORMAL	[1,41]	41	41	True	True	True	41	41	0.24758299972955677	0.36153291326697046	1	0	0
r2_all_candidates_hailo	all_candidates_hailo	896	all_target_history	81	LOCKED	NORMAL	[1,41]	41	41	True	True	True	41	41	0.0995774721134054	0.20496942772160653	1	0	0
r2_all_candidates_hailo	all_candidates_hailo	896	updated_target_gallery	71	LOCKED	NORMAL	[1,41]	41	41	True	True	True	41	41	0.10862103205534934	0.21890988084810525	1	0	0
r2_all_candidates_hailo	all_candidates_hailo	926	all_target_history	88	LOCKED	NORMAL	[1,41]	41	41	True	True	True	41	41	0.13662316520398576	0.22701887764716833	1	0	0
r2_all_candidates_hailo	all_candidates_hailo	926	updated_target_gallery	74	LOCKED	NORMAL	[1,41]	41	41	True	True	True	41	41	0.1539156260643506	0.2486922710091123	1	0	0
r2_all_candidates_hailo	all_candidates_hailo	934	all_target_history	90	LOCKED	NORMAL	[41,60]	41	41	True	True	True	41	41	0.3686767637526357	0.19498673533778677	1	0	0
r2_all_candidates_hailo	all_candidates_hailo	934	updated_target_gallery	75	LOCKED	NORMAL	[41,60]	41	41	True	True	True	41	41	0.3900437463486106	0.21277537705961547	1	0	0
r2_all_candidates_hailo	all_candidates_hailo	937	all_target_history	91	LOCKED	NORMAL	[41,60]	41	41	True	True	True	41	41	0.28104684053685725	0.26990673753435845	1	0	0
r2_all_candidates_hailo	all_candidates_hailo	937	updated_target_gallery	75	LOCKED	NORMAL	[41,60]	41	41	True	True	True	41	41	0.29327426250294475	0.2878460749005012	1	0	0
r2_ambiguity_guarded_hailo	ambiguity_guarded_hailo	508	all_target_history	77	UNCERTAIN	YAW_ONLY	[1,2]	1	1	False	True	False	1	2	0.028794806628321457	0.08296395439244275	0	1	0
r2_ambiguity_guarded_hailo	ambiguity_guarded_hailo	508	updated_target_gallery	73	UNCERTAIN	YAW_ONLY	[1,2]	1	1	False	True	False	1	2	0.024755831917184667	0.08800048065206278	0	1	0
r2_ambiguity_guarded_hailo	ambiguity_guarded_hailo	834	all_target_history	129	LOST	HOVER	[1,41]	1	41	False	True	False	41	1	0.05556000281077367	0.05923590652840305	0	1	0
r2_ambiguity_guarded_hailo	ambiguity_guarded_hailo	834	updated_target_gallery	118	LOST	HOVER	[1,41]	1	41	False	True	False	41	1	0.05751058198049441	0.05766332470393776	0	1	0
r2_ambiguity_guarded_hailo	ambiguity_guarded_hailo	898	all_target_history	144	UNCERTAIN	YAW_ONLY	[1,41]	41	41	False	True	False	41	41	0.20820504438829435	0.14601158361278233	1	0	0
r2_ambiguity_guarded_hailo	ambiguity_guarded_hailo	898	updated_target_gallery	128	UNCERTAIN	YAW_ONLY	[1,41]	41	41	False	True	False	41	41	0.2176340542210089	0.15358095517929693	1	0	0
r2_ambiguity_guarded_hailo	ambiguity_guarded_hailo	902	all_target_history	145	UNCERTAIN	YAW_ONLY	[1,41]	41	41	True	True	True	41	41	0.22967159295866657	0.28624736383666693	1	0	0
r2_ambiguity_guarded_hailo	ambiguity_guarded_hailo	902	updated_target_gallery	128	UNCERTAIN	YAW_ONLY	[1,41]	41	41	True	True	True	41	41	0.23733819039193327	0.30069435345534434	1	0	0
r3_all_candidates_hailo	all_candidates_hailo	205	all_target_history	3	LOCKED	NORMAL	[1,2]	1	1	True	True	True	1	1	0.44719390491155786	0.46088787915775165	1	0	0
r3_all_candidates_hailo	all_candidates_hailo	205	updated_target_gallery	3	LOCKED	NORMAL	[1,2]	1	1	True	True	True	1	1	0.44719390491155786	0.46088787915775165	1	0	0
r3_all_candidates_hailo	all_candidates_hailo	235	all_target_history	5	LOCKED	NORMAL	[1,2]	1	1	True	True	True	1	1	0.5194511893101827	0.36403757904787504	1	0	0
r3_all_candidates_hailo	all_candidates_hailo	235	updated_target_gallery	5	LOCKED	NORMAL	[1,2]	1	1	True	True	True	1	1	0.5194511893101827	0.36403757904787504	1	0	0
r3_all_candidates_hailo	all_candidates_hailo	250	all_target_history	6	LOCKED	NORMAL	[1,2]	1	1	True	True	True	1	1	0.3437715460917301	0.4175176343136281	1	0	0
r3_all_candidates_hailo	all_candidates_hailo	250	updated_target_gallery	6	LOCKED	NORMAL	[1,2]	1	1	True	True	True	1	1	0.3437715460917301	0.4175176343136281	1	0	0
r3_all_candidates_hailo	all_candidates_hailo	251	all_target_history	7	LOCKED	NORMAL	[1,2]	1	1	True	True	True	1	1	0.3744871084461364	0.4051327014291236	1	0	0
r3_all_candidates_hailo	all_candidates_hailo	251	updated_target_gallery	7	LOCKED	NORMAL	[1,2]	1	1	True	True	True	1	1	0.3744871084461364	0.4051327014291236	1	0	0
r3_all_candidates_hailo	all_candidates_hailo	256	all_target_history	8	LOCKED	NORMAL	[1,2]	1	1	True	True	True	1	1	0.442836272100668	0.4262224667165836	1	0	0
r3_all_candidates_hailo	all_candidates_hailo	256	updated_target_gallery	8	LOCKED	NORMAL	[1,2]	1	1	True	True	True	1	1	0.442836272100668	0.4262224667165836	1	0	0
r3_all_candidates_hailo	all_candidates_hailo	354	all_target_history	14	LOCKED	NORMAL	[1,2]	1	1	True	True	True	1	1	0.34565188335544694	0.339256152065217	1	0	0
r3_all_candidates_hailo	all_candidates_hailo	354	updated_target_gallery	14	LOCKED	NORMAL	[1,2]	1	1	True	True	True	1	1	0.34565188335544694	0.339256152065217	1	0	0
r3_all_candidates_hailo	all_candidates_hailo	534	all_target_history	27	LOCKED	NORMAL	[1,2]	1	1	True	True	True	1	1	0.45960466163700475	0.2625994895089966	1	0	0
r3_all_candidates_hailo	all_candidates_hailo	534	updated_target_gallery	25	LOCKED	NORMAL	[1,2]	1	1	True	True	True	1	1	0.4639562125937496	0.2688663644496083	1	0	0
r3_all_candidates_hailo	all_candidates_hailo	638	all_target_history	36	LOCKED	NORMAL	[1,41]	1	1	True	True	True	1	1	0.19251984493376006	0.3373578623037854	1	0	0
r3_all_candidates_hailo	all_candidates_hailo	638	updated_target_gallery	33	LOCKED	NORMAL	[1,41]	1	1	True	True	True	1	1	0.19318516676211772	0.3370712702571975	1	0	0
r3_all_candidates_hailo	all_candidates_hailo	672	all_target_history	37	LOCKED	NORMAL	[1,41]	1	1	True	True	True	1	1	0.22355526069607756	0.4017089752920533	1	0	0
r3_all_candidates_hailo	all_candidates_hailo	672	updated_target_gallery	34	LOCKED	NORMAL	[1,41]	1	1	True	True	True	1	1	0.22276451860680058	0.4021690580327588	1	0	0
r3_all_candidates_hailo	all_candidates_hailo	734	all_target_history	43	LOCKED	NORMAL	[1,41]	1	1	True	True	True	1	1	0.22871579959608512	0.33799983635423825	1	0	0
r3_all_candidates_hailo	all_candidates_hailo	734	updated_target_gallery	38	LOCKED	NORMAL	[1,41]	1	1	True	True	True	1	1	0.22755881539524014	0.3331326206794921	1	0	0
r3_all_candidates_hailo	all_candidates_hailo	842	all_target_history	64	REACQUIRED	CONFIRM	[1,41]	1	41	True	True	True	41	41	0.3115282207118645	0.3669440221388085	1	0	0
r3_all_candidates_hailo	all_candidates_hailo	842	updated_target_gallery	55	REACQUIRED	CONFIRM	[1,41]	1	41	True	True	True	41	41	0.3279844743677991	0.38119291091393637	1	0	0
r3_all_candidates_hailo	all_candidates_hailo	859	all_target_history	65	LOCKED	NORMAL	[1,41]	41	41	True	True	True	41	41	0.24937963200348245	0.34329058411739743	1	0	0
r3_all_candidates_hailo	all_candidates_hailo	859	updated_target_gallery	55	LOCKED	NORMAL	[1,41]	41	41	True	True	True	41	41	0.271226948208259	0.3705288106079263	1	0	0
r3_all_candidates_hailo	all_candidates_hailo	865	all_target_history	66	LOCKED	NORMAL	[1,41]	41	41	True	True	True	41	41	0.18309845252283674	0.26736769368340463	1	0	0
r3_all_candidates_hailo	all_candidates_hailo	865	updated_target_gallery	56	LOCKED	NORMAL	[1,41]	41	41	True	True	True	41	41	0.20375595221569753	0.2890697296243263	1	0	0
r3_all_candidates_hailo	all_candidates_hailo	889	all_target_history	67	LOCKED	NORMAL	[1,41]	41	41	True	True	True	41	41	0.2291341930021108	0.2830076752044326	1	0	0
r3_all_candidates_hailo	all_candidates_hailo	889	updated_target_gallery	57	LOCKED	NORMAL	[1,41]	41	41	True	True	True	41	41	0.25457729384824024	0.30396380654316424	1	0	0
r3_all_candidates_hailo	all_candidates_hailo	900	all_target_history	69	UNCERTAIN	YAW_ONLY	[1,41]	41	41	True	True	True	41	41	0.22863518224483537	0.19505028855095385	1	0	0
r3_all_candidates_hailo	all_candidates_hailo	900	updated_target_gallery	58	UNCERTAIN	YAW_ONLY	[1,41]	41	41	True	True	True	41	41	0.24239069616131204	0.2147528872117932	1	0	0
r3_all_candidates_hailo	all_candidates_hailo	926	all_target_history	74	LOCKED	NORMAL	[1,41]	41	41	True	True	True	41	41	0.1371329567269789	0.22630026503934353	1	0	0
r3_all_candidates_hailo	all_candidates_hailo	926	updated_target_gallery	59	LOCKED	NORMAL	[1,41]	41	41	True	True	True	41	41	0.1468980107020701	0.2439948692853725	1	0	0
r3_all_candidates_hailo	all_candidates_hailo	934	all_target_history	76	LOCKED	NORMAL	[41,60]	41	41	True	True	True	41	41	0.3646483913317118	0.1947390926334427	1	0	0
r3_all_candidates_hailo	all_candidates_hailo	934	updated_target_gallery	60	LOCKED	NORMAL	[41,60]	41	41	True	True	True	41	41	0.37689668923019726	0.20368257424009661	1	0	0
r3_all_candidates_hailo	all_candidates_hailo	937	all_target_history	77	LOCKED	NORMAL	[41,60]	41	41	True	True	True	41	41	0.27755650184055547	0.2652041214859041	1	0	0
r3_all_candidates_hailo	all_candidates_hailo	937	updated_target_gallery	60	LOCKED	NORMAL	[41,60]	41	41	True	True	True	41	41	0.28075157139922124	0.2765454252730861	1	0	0
r3_ambiguity_guarded_hailo	ambiguity_guarded_hailo	508	all_target_history	77	UNCERTAIN	YAW_ONLY	[1,2]	1	1	False	True	False	1	2	0.030591915747423926	0.0856050318639987	0	1	0
r3_ambiguity_guarded_hailo	ambiguity_guarded_hailo	508	updated_target_gallery	73	UNCERTAIN	YAW_ONLY	[1,2]	1	1	False	True	False	1	2	0.02665205186588704	0.09077013046964566	0	1	0
r3_ambiguity_guarded_hailo	ambiguity_guarded_hailo	701	all_target_history	102	LOST	HOVER	[1,41]	1	1	False	True	False	1	1	0.3096686023348427	0.3614898967748389	1	0	0
r3_ambiguity_guarded_hailo	ambiguity_guarded_hailo	701	updated_target_gallery	95	LOST	HOVER	[1,41]	1	1	False	True	False	1	1	0.30716374941851365	0.35708390451439076	1	0	0
r3_ambiguity_guarded_hailo	ambiguity_guarded_hailo	708	all_target_history	103	REACQUIRED	CONFIRM	[1,41]	1	1	False	True	False	1	1	0.3923793552616057	0.40979075705992474	1	0	0
r3_ambiguity_guarded_hailo	ambiguity_guarded_hailo	708	updated_target_gallery	95	REACQUIRED	CONFIRM	[1,41]	1	1	False	True	False	1	1	0.3919885000380292	0.4095041493547069	1	0	0
r3_ambiguity_guarded_hailo	ambiguity_guarded_hailo	834	all_target_history	129	LOST	HOVER	[1,41]	1	41	False	True	False	41	1	0.05554619441330977	0.05902125603824815	0	1	0
r3_ambiguity_guarded_hailo	ambiguity_guarded_hailo	834	updated_target_gallery	118	LOST	HOVER	[1,41]	1	41	False	True	False	41	1	0.0574928234549017	0.05743039351399348	0	1	0
r3_ambiguity_guarded_hailo	ambiguity_guarded_hailo	842	all_target_history	131	REACQUIRED	CONFIRM	[1,41]	1	41	True	True	True	41	41	0.3264803259277299	0.38916096040351766	1	0	0
r3_ambiguity_guarded_hailo	ambiguity_guarded_hailo	842	updated_target_gallery	118	REACQUIRED	CONFIRM	[1,41]	1	41	True	True	True	41	41	0.3372948822838656	0.3997887946539289	1	0	0
r3_ambiguity_guarded_hailo	ambiguity_guarded_hailo	900	all_target_history	144	UNCERTAIN	YAW_ONLY	[1,41]	41	41	True	True	True	41	41	0.2535116737011818	0.2191553896921692	1	0	0
r3_ambiguity_guarded_hailo	ambiguity_guarded_hailo	900	updated_target_gallery	128	UNCERTAIN	YAW_ONLY	[1,41]	41	41	True	True	True	41	41	0.26348876861017856	0.22986184583608305	1	0	0
r3_ambiguity_guarded_hailo	ambiguity_guarded_hailo	907	all_target_history	145	REACQUIRED	CONFIRM	[1,41]	41	41	False	True	False	41	41	0.28499187870258347	0.2616613038379141	1	0	0
r3_ambiguity_guarded_hailo	ambiguity_guarded_hailo	907	updated_target_gallery	128	REACQUIRED	CONFIRM	[1,41]	41	41	False	True	False	41	41	0.29604559029017696	0.2726509415397913	1	0	0
