model,tracker,status,json_path,health_score,detections_hz,timing_hz,tracker_hz,target_hz,e2e_det_p50_ms,e2e_det_p95_ms,e2e_det_p99_ms,infer_p50_ms,infer_p95_ms,infer_p99_ms,pre_p95_ms,container_queue_p95_ms,pub_dt_p95_ms,track_p50_ms,track_p95_ms,track_p99_ms,e2e_target_p95_ms,target_p95_ms,det_per_msg_mean,det_zero_ratio,notes
yolov5m,sort,ok,/home/francisco/Desktop/Thesis-Code/reports/timing/live_matrix_20260427_120926/yolov5m__sort.json,89.86859719412668,15.654057882935541,15.654057882935541,15.654057882935541,15.654057882935541,28.509906768798828,36.08408832550048,41.69139404296875,23.505972862243652,29.801331138610838,33.600436248779296,4.515021777153013,1.0352281689643856,150.91981964111324,4.429910898208618,8.181022644042969,9.851883897781374,0.0,,1.0,0.0,
yolov5m,ocsort,ok,/home/francisco/Desktop/Thesis-Code/reports/timing/live_matrix_20260427_120926/yolov5m__ocsort.json,92.79826998029435,15.73196231956139,15.73196231956139,15.03202331805548,14.765379888910372,28.600241661071777,37.804487991333005,41.6945570755005,23.562307357788086,30.2707067489624,35.37711154937747,4.694680190086364,1.0453008472919463,130.41211013793946,4.642430782318115,9.551031112670898,11.956210136413574,0.0,,1.0,0.0,
yolov5m,bytetrack,ok,/home/francisco/Desktop/Thesis-Code/reports/timing/live_matrix_20260427_120926/yolov5m__bytetrack.json,93.02607073102679,16.62804548517065,16.694690958057105,16.661368221613877,16.661368221613877,29.238821029663086,37.50598907470703,41.757713317871094,23.819475173950195,30.223108291625977,34.323551177978516,4.102537155151367,1.019639015197754,128.8175048828125,4.62879204750061,8.621981143951414,11.337181644439694,0.0,,1.0,0.0,
yolov5m,deepsort,ok,/home/francisco/Desktop/Thesis-Code/reports/timing/live_matrix_20260427_120926/yolov5m__deepsort.json,84.58107430594308,12.823066642481226,12.856373309085074,11.590719978138875,11.723946644554264,30.395758628845215,43.89783477783203,51.86506195068348,24.891697883605957,34.86043167114258,41.18089466094969,5.106046676635742,1.7063530087471008,187.93247985839844,58.69648551940918,79.27564086914062,87.01962516784664,138.405859375,,1.0,0.0,
yolov6n,sort,ok,/home/francisco/Desktop/Thesis-Code/reports/timing/live_matrix_20260427_120926/yolov6n__sort.json,93.62836647033691,17.337311060495765,17.437142026295167,17.403865037695365,17.403865037695365,13.414556980133057,19.611261463165278,24.13555931091308,8.789913177490234,14.034964513778686,16.24979473114014,3.938374245166777,0.9993920922279351,124.6014347076416,3.668107032775879,8.55743246078491,11.32092109680175,0.0,,1.0,0.0,
yolov6n,ocsort,ok,/home/francisco/Desktop/Thesis-Code/reports/timing/live_matrix_20260427_120926/yolov6n__ocsort.json,93.2287595476423,16.532081184687204,16.49875037584711,15.79880339020511,17.298689788009394,13.926717758178711,20.213724708557127,24.23501522064209,8.936840057373047,13.986231994628906,16.604960899353028,4.659996366500852,1.0810852766036978,127.39868316650384,3.587087392807007,9.029011154174803,11.640527963638304,0.0,,1.0,0.0,
yolov6n,bytetrack,ok,/home/francisco/Desktop/Thesis-Code/reports/timing/live_matrix_20260427_120926/yolov6n__bytetrack.json,93.43140345982142,17.7764360322114,17.80972523826423,17.476833177735926,17.84301444431706,13.378325462341309,20.329190254211422,23.539878501892066,8.908636093139648,13.821340370178218,16.427784156799312,3.9917127132415766,1.0040184855461112,125.98017578124998,3.383178949356079,9.36998176574707,12.961665153503407,0.0,,1.0056179775280898,0.0,
yolov6n,deepsort,ok,/home/francisco/Desktop/Thesis-Code/reports/timing/live_matrix_20260427_120926/yolov6n__deepsort.json,87.96442140851703,12.821500473972838,12.854803072606533,11.95563290949675,11.855725113595662,15.165489196777344,26.51513385772705,30.877548313140867,10.082396984100342,17.205637454986572,21.58245525360106,4.686593651771545,1.1059357225894928,164.24905014038086,56.57736587524414,77.45120925903319,84.56779876708984,114.9416618347168,,1.0,0.0,
yolov8n,sort,ok,/home/francisco/Desktop/Thesis-Code/reports/timing/live_matrix_20260427_120926/yolov8n__sort.json,92.81433606828962,15.264262030482431,15.29759011351842,14.731012701906625,16.06413602334614,16.382112503051758,24.13032569885254,27.443336677551272,11.234953880310059,17.37273063659668,19.904497528076178,4.23891701698303,0.9781559228897088,130.29964752197264,4.069119930267334,8.54372911453247,10.794477729797357,0.0,,1.0,0.0,
yolov8n,ocsort,ok,/home/francisco/Desktop/Thesis-Code/reports/timing/live_matrix_20260427_120926/yolov8n__ocsort.json,92.93757019042968,15.495675807184185,15.462351773190239,14.595926889347682,14.42930671937796,16.092775344848633,23.23808441162109,26.482946376800538,11.584336757659912,17.111632061004634,19.700640964508057,3.933619165420531,1.0085122108459472,129.4370086669922,3.2198530435562134,8.445190715789794,11.239563522338866,0.0,,1.0064516129032257,0.0,
yolov8n,bytetrack,ok,/home/francisco/Desktop/Thesis-Code/reports/timing/live_matrix_20260427_120926/yolov8n__bytetrack.json,92.63540649414062,15.99941225359119,16.03274436245284,16.03274436245284,15.499430620666464,16.725818634033203,24.51114845275879,27.963897705078118,11.693142890930176,18.2523136138916,20.623579788208005,3.966907024383545,1.041509985923767,131.55215454101562,4.862247943878174,12.007867813110352,15.088513565063469,0.0,,1.1958333333333333,0.0,
yolov8n,deepsort,ok,/home/francisco/Desktop/Thesis-Code/reports/timing/live_matrix_20260427_120926/yolov8n__deepsort.json,86.65377371651786,12.197954275396091,12.197954275396091,11.164794213818826,11.031483238131438,17.94369888305664,28.23694944381714,33.62179965972901,12.760180473327637,20.221585750579834,23.94028959274293,4.190491080284119,1.2415164709091187,173.423583984375,56.21311950683594,77.30246658325196,85.6454092407227,116.12556838989258,,1.0,0.0,
yolov8s,sort,ok,/home/francisco/Desktop/Thesis-Code/reports/timing/live_matrix_20260427_120926/yolov8s__sort.json,92.4105862208775,15.288425486736516,15.255117370207678,14.588955039630923,15.987895933842108,17.571094512939453,24.45530548095703,27.514614810943606,13.008135795593262,18.39316682815552,22.188692760467532,3.7349374890327423,1.0457590341567993,133.12589645385742,4.1292970180511475,8.59236636161804,10.736014719009399,0.0,,1.0,0.0,
yolov8s,ocsort,ok,/home/francisco/Desktop/Thesis-Code/reports/timing/live_matrix_20260427_120926/yolov8s__ocsort.json,93.40738427298409,17.09194558130879,17.12526321402089,16.392275294354626,16.0590989672336,18.17482280731201,25.254307079315183,29.932358074188237,13.2877779006958,18.765135288238525,21.986087322235107,4.1232072591781606,0.9301445156335824,126.14831008911132,4.481040000915527,9.142473554611207,12.247545461654653,0.0,,1.0,0.0,
yolov8s,bytetrack,ok,/home/francisco/Desktop/Thesis-Code/reports/timing/live_matrix_20260427_120926/yolov8s__bytetrack.json,93.14883798871722,16.359215758241373,16.32589759987428,15.659534432532473,15.492943640697021,18.01408863067627,26.9142762184143,30.602909317016657,13.380482196807861,19.429391860961886,22.156616497039803,4.330794119834899,1.0152908086776733,127.95813407897943,4.462929010391235,9.052101230621336,12.079895181655884,0.0,,1.0061099796334012,0.0,
yolov8s,deepsort,ok,/home/francisco/Desktop/Thesis-Code/reports/timing/live_matrix_20260427_120926/yolov8s__deepsort.json,87.82729840959821,13.899476503089888,13.932808581034948,12.232872605836903,12.166208449946785,20.396638870239258,30.456952381134027,36.14533290863036,15.166905403137207,22.617311954498284,26.546448726654052,3.759085261821746,1.2748153150081631,165.20891113281246,56.995182037353516,79.88182907104492,86.6258917236328,136.1948425292969,,1.0,0.0,
yolov8m,sort,ok,/home/francisco/Desktop/Thesis-Code/reports/timing/live_matrix_20260427_120926/yolov8m__sort.json,92.18207996913364,15.488937797527123,15.588866428478912,15.588866428478912,15.588866428478912,37.87205505371094,47.55834884643554,55.215378723144525,33.06300163269043,40.3697286605835,46.36145908355712,4.286201620101927,0.9718948751688004,134.72544021606444,4.1571946144104,8.355905199050902,11.69274084091185,0.0,,1.0,0.0,
yolov8m,ocsort,ok,/home/francisco/Desktop/Thesis-Code/reports/timing/live_matrix_20260427_120926/yolov8m__ocsort.json,92.13920549665178,16.16501688713533,16.16501688713533,16.33166654576559,16.33166654576559,38.39558792114258,45.83000335693359,54.142876892089795,33.5053596496582,38.79980545043945,45.212079162597604,3.9752322196960437,1.1324731588363635,135.02556152343746,3.8616089820861816,8.534376049041747,11.819991025924683,0.0,,1.0,0.0,
yolov8m,bytetrack,ok,/home/francisco/Desktop/Thesis-Code/reports/timing/live_matrix_20260427_120926/yolov8m__bytetrack.json,89.04227534702846,14.960393806456498,14.993713169054397,14.460603367488018,14.393964642292222,38.576969146728516,47.15134372711182,55.032531013488764,33.502960205078125,39.834664726257316,43.5944102859497,4.189811897277826,1.5442583858966823,156.70407257080075,4.436197519302368,8.545622730255127,10.35965002059937,0.0,,1.0,0.0,
yolov8m,deepsort,ok,/home/francisco/Desktop/Thesis-Code/reports/timing/live_matrix_20260427_120926/yolov8m__deepsort.json,84.40836432320732,12.388865488558835,12.388865488558835,11.389763433029897,11.189943021924108,40.136688232421875,51.186142921447754,61.43895320892336,34.48233985900879,43.433501625061034,47.85885448455811,4.057894635200499,1.9436114072799673,189.14144973754878,58.452314376831055,78.20255279541016,87.02252006530762,151.73256301879883,,1.0,0.0,
yolov8l,sort,ok,/home/francisco/Desktop/Thesis-Code/reports/timing/live_matrix_20260427_120926/yolov8l__sort.json,72.47048522949217,11.120893687743868,11.154189776629329,11.853407643224003,11.853407643224003,66.0218734741211,120.19056091308595,134.97499847412112,59.51444625854492,66.75950241088867,71.31032684326176,6.35220160484314,3.6088015317916873,167.30642547607422,5.073777437210083,9.107734441757202,11.084067821502686,0.0,,1.0,0.0,
yolov8l,ocsort,ok,/home/francisco/Desktop/Thesis-Code/reports/timing/live_matrix_20260427_120926/yolov8l__ocsort.json,84.55216020856587,11.928372146817537,11.961691622087976,11.961691622087976,11.961691622087976,65.73240661621094,79.27238464355466,131.08817596435546,59.12508773803711,67.00324249267578,71.04567031860354,6.157285165786739,2.5902250051498408,168.66287078857414,5.357862949371338,10.343891048431388,14.082003116607687,0.0,,1.0,0.0,
yolov8l,bytetrack,ok,/home/francisco/Desktop/Thesis-Code/reports/timing/live_matrix_20260427_120926/yolov8l__bytetrack.json,85.482047189985,12.165641300999413,12.198971825111741,12.165641300999413,12.165641300999413,65.60723114013672,78.13512992858887,132.42088470458998,59.45970344543457,66.40558624267578,70.1753028869629,5.57045841217041,2.201270192861557,164.54189682006836,5.383918762207031,9.367847633361817,12.180107460021976,0.0,,1.0,0.0,
yolov8l,deepsort,ok,/home/francisco/Desktop/Thesis-Code/reports/timing/live_matrix_20260427_120926/yolov8l__deepsort.json,67.31962597983225,10.999294632834108,11.065957024548254,10.79930745769167,10.999294632834108,68.27250289916992,126.15316658020018,135.16464645385742,61.336740493774414,71.3710723876953,73.9404515838623,6.987961554527283,2.2858867287635762,190.8409683227539,60.58576965332031,82.51438369750976,88.79229301452632,174.2606109619141,,1.0,0.0,
yolov8x,sort,ok,/home/francisco/Desktop/Thesis-Code/reports/timing/live_matrix_20260427_120926/yolov8x__sort.json,55.878207441057484,9.188824020805772,9.222116861460865,9.754802311942358,9.654923789977078,88.0078353881836,168.0045440673828,176.1619000244141,81.24179077148438,86.90266571044921,88.84204010009765,6.409672451019286,2.4180030345916728,183.04300537109373,4.825507164001465,8.649500656127927,11.476326484680175,0.0,,1.0,0.0,
yolov8x,ocsort,ok,/home/francisco/Desktop/Thesis-Code/reports/timing/live_matrix_20260427_120926/yolov8x__ocsort.json,59.00538194928853,10.445655049432377,10.412388632077496,10.412388632077496,10.412388632077496,87.68965148925781,162.27365417480468,174.29547973632813,81.42930603027344,87.7651138305664,90.79188842773436,6.100807094573967,2.3244555950164782,173.1876525878905,5.226353168487549,8.872007369995117,11.433969039916992,0.0,,1.0,0.0,
yolov8x,bytetrack,ok,/home/francisco/Desktop/Thesis-Code/reports/timing/live_matrix_20260427_120926/yolov8x__bytetrack.json,56.395555278233125,9.866170274645459,9.866170274645459,10.09949186897829,10.09949186897829,87.6550407409668,166.96216201782227,174.60430068969734,81.33996200561523,87.74371337890625,90.61242752075195,5.421122312545776,2.0448989868164062,181.6105728149414,4.870087146759033,9.331843757629395,10.663772354125978,0.0,,1.0,0.0,
yolov8x,deepsort,ok,/home/francisco/Desktop/Thesis-Code/reports/timing/live_matrix_20260427_120926/yolov8x__deepsort.json,74.89974952697754,9.395776471946428,9.429094828229927,9.462413184513425,9.462413184513425,88.67262268066406,98.78294448852537,174.17414123535156,82.43260955810547,89.25509719848633,92.97296524047852,7.0007428646087515,1.5230268359184262,195.25756988525387,50.0803165435791,71.75346870422361,76.64015571594241,0.0,,1.0,0.0,
yolov10n,sort,ok,/home/francisco/Desktop/Thesis-Code/reports/timing/live_matrix_20260427_120926/yolov10n__sort.json,93.26336577279227,15.672952829525588,15.70622873786853,16.737781896499726,16.538126446442075,19.741040229797363,26.977560329437253,30.466094913482667,14.740334033966064,20.153271770477296,23.966754035949712,4.076683855056762,1.073027789592743,127.1564395904541,4.0257391929626465,8.564703750610352,11.147070999145518,0.0,,0.9915074309978769,0.008492569002123142,
yolov10n,ocsort,ok,/home/francisco/Desktop/Thesis-Code/reports/timing/live_matrix_20260427_120926/yolov10n__ocsort.json,92.51620112827847,15.199454668392306,15.166122530961621,15.999425966728742,15.732768867283264,19.3420467376709,27.872430610656732,31.496757812499997,14.552449226379395,20.43321094512939,22.482949066162107,4.336302280426022,1.0867270946502683,132.38659210205077,4.850970029830933,8.626495456695555,11.682363405227658,0.0,,0.9912280701754386,0.008771929824561403,
yolov10n,bytetrack,ok,/home/francisco/Desktop/Thesis-Code/reports/timing/live_matrix_20260427_120926/yolov10n__bytetrack.json,93.01707022530692,15.419360236615853,15.452663390474633,14.753297159440221,16.485061160096862,19.459274291992188,27.20390691757202,33.649966697692875,14.7923264503479,20.059468555450437,23.57110383987427,3.7641631960868827,1.091838067770004,128.88050842285156,4.501798152923584,9.087145233154295,10.686350612640378,0.0,,0.9978401727861771,0.0021598272138228943,
yolov10n,deepsort,ok,/home/francisco/Desktop/Thesis-Code/reports/timing/live_matrix_20260427_120926/yolov10n__deepsort.json,87.50223083496094,13.415852156886487,13.415852156886487,11.351874901980874,11.085555256186602,21.445432662963867,31.098926544189453,37.05922019958497,16.120180130004883,24.448157882690428,28.243454551696782,4.581556701660155,1.388008153438568,167.48438415527343,56.95081329345703,82.91069793701172,92.23670501708986,128.9874298095703,,0.9950372208436724,0.004962779156327543,
yolov10s,sort,ok,/home/francisco/Desktop/Thesis-Code/reports/timing/live_matrix_20260427_120926/yolov10s__sort.json,93.16901114327567,16.531500868260828,16.564830507108127,16.164874840940527,15.831578452467527,27.75811767578125,35.38716125488281,37.944788513183596,22.884370803833008,28.436133193969724,31.495006408691417,4.431902599334714,1.0332527875900268,127.8169219970703,4.562665939331055,8.66088714599609,11.867711601257316,0.0,,0.9979838709677419,0.0020161290322580645,
yolov10s,ocsort,ok,/home/francisco/Desktop/Thesis-Code/reports/timing/live_matrix_20260427_120926/yolov10s__ocsort.json,92.75291530064175,14.064334207008526,14.064334207008526,14.764218136741178,14.664234718207942,28.37349796295166,36.31568565368652,44.18660243988039,22.999906539916992,29.606056118011473,32.31635276794434,4.494835901260376,1.0922774195671079,130.7295928955078,4.412089824676514,8.657696628570557,10.781013851165763,0.0,,1.0,0.0,
yolov10s,bytetrack,ok,/home/francisco/Desktop/Thesis-Code/reports/timing/live_matrix_20260427_120926/yolov10s__bytetrack.json,92.05719081333706,14.396335512632268,14.396335512632268,15.194284825110731,15.52676370531009,27.497156143188477,35.46301803588867,37.107957153320314,22.54930305480957,28.265000152587888,31.09375793457032,4.828560256958008,0.9784997940063476,135.59966430664062,4.713720798492432,10.078174781799314,14.533499908447265,0.0,,1.0,0.0,
yolov10s,deepsort,ok,/home/francisco/Desktop/Thesis-Code/reports/timing/live_matrix_20260427_120926/yolov10s__deepsort.json,87.47534430367607,12.938554218129385,12.97181528295748,11.009412458099812,11.77441694914602,29.823909759521484,39.95707988739012,45.26978759765626,24.110918045043945,32.087298965454096,36.64872661590577,5.384235620498656,1.6145614087581617,167.67258987426757,61.0265007019043,81.60094451904297,89.94070205688473,150.9510757446288,,1.0,0.0,
yolov10b,sort,ok,/home/francisco/Desktop/Thesis-Code/reports/timing/live_matrix_20260427_120926/yolov10b__sort.json,90.39698355538505,14.154250291739306,14.18755441007281,14.18755441007281,14.18755441007281,50.222251892089844,59.86087608337402,69.06100463867188,44.85688400268555,51.95291042327881,55.56312084197998,5.103545069694519,1.548425555229187,147.2211151123047,4.699248552322388,8.94724178314209,10.997931718826294,0.0,,1.0,0.0,
yolov10b,ocsort,ok,/home/francisco/Desktop/Thesis-Code/reports/timing/live_matrix_20260427_120926/yolov10b__ocsort.json,89.0634741646903,13.879726003592522,13.979580147503258,13.979580147503258,13.713302430407959,49.58332824707031,59.241850090026844,97.1650505065918,44.64860534667969,51.09390258789062,54.29908794403076,4.412414550781249,1.0694175958633418,156.5556808471679,4.719590663909912,8.884704494476315,11.280922975540161,0.0,,1.0,0.0,
yolov10b,bytetrack,ok,/home/francisco/Desktop/Thesis-Code/reports/timing/live_matrix_20260427_120926/yolov10b__bytetrack.json,92.63035038539341,13.857789631773809,13.82447763746666,13.424733705780877,13.15823775132369,50.063926696777344,60.06198883056638,101.27214065551763,44.65944290161133,52.23914070129395,55.56197410583496,4.598118257522582,1.2131544113159163,131.5875473022461,4.906202793121338,9.122070598602294,11.491998023986818,0.0,,1.0,0.0,
yolov10b,deepsort,ok,/home/francisco/Desktop/Thesis-Code/reports/timing/live_matrix_20260427_120926/yolov10b__deepsort.json,82.39412493024554,11.466389793867753,11.433057265397208,10.766406695986293,10.666409110574655,51.40799331665039,62.881344604492185,66.3221336364746,45.74946975708008,54.6608943939209,58.498596496582024,4.993466377258301,1.870705783367157,203.24112548828126,59.009761810302734,81.18018722534178,90.2425975036621,158.78592071533205,,1.0,0.0,
yolov10x,sort,ok,/home/francisco/Desktop/Thesis-Code/reports/timing/live_matrix_20260427_120926/yolov10x__sort.json,80.59409645080565,10.462599465046052,10.495919845507983,10.729162508741494,10.729162508741494,84.1026611328125,94.32891311645508,165.15876708984376,77.94898223876953,84.20804443359376,86.54461334228515,5.853073167800905,1.7343857526779187,164.75060729980476,5.069194316864014,8.790377950668333,10.422341995239265,0.0,,1.0,0.0,
yolov10x,ocsort,ok,/home/francisco/Desktop/Thesis-Code/reports/timing/live_matrix_20260427_120926/yolov10x__ocsort.json,62.33175837925503,10.788387568418313,10.888280045903668,10.854982553408549,10.655197598437839,84.939697265625,157.48162536621092,170.30256561279296,77.61998748779297,84.79142761230469,88.4218960571289,6.547431945800778,2.5078455686569203,159.96627807617185,5.169018983840942,9.440213441848755,10.95833134651184,0.0,,1.0,0.0,
yolov10x,bytetrack,ok,/home/francisco/Desktop/Thesis-Code/reports/timing/live_matrix_20260427_120926/yolov10x__bytetrack.json,76.52776224408842,10.085835818628286,10.119122405488447,9.686396776306374,9.619823602586056,83.90906524658203,99.17457046508773,167.02664779663084,77.88101959228516,84.1901237487793,86.31245147705077,5.497102880477895,2.983675134181974,183.03906631469675,5.114017963409424,10.239285945892334,11.518057155609144,0.0,,1.0,0.0,
yolov10x,deepsort,ok,/home/francisco/Desktop/Thesis-Code/reports/timing/live_matrix_20260427_120926/yolov10x__deepsort.json,57.0913642665318,10.163711580060424,10.163711580060424,9.697180556713388,9.563885978614234,86.1075668334961,164.23319396972659,172.38168884277343,79.35673522949219,86.70890502929689,92.85719268798827,7.898121070861817,3.9182783603668234,182.47074279785159,55.753780364990234,78.91196060180664,85.05089721679695,0.0,,1.0,0.0,
yolov11n,sort,ok,/home/francisco/Desktop/Thesis-Code/reports/timing/live_matrix_20260427_120926/yolov11n__sort.json,92.89495500837054,16.384227496751613,16.417528772151517,17.54977213574817,17.31666320794886,21.05137062072754,29.12211456298828,32.46931457519531,16.320301055908203,21.884606170654294,25.480707092285158,4.412116622924803,1.0076551914215086,129.73531494140624,4.515807151794434,9.108543014526367,11.098594779968264,0.0,,1.0,0.0,
yolov11n,ocsort,ok,/home/francisco/Desktop/Thesis-Code/reports/timing/live_matrix_20260427_120926/yolov11n__ocsort.json,93.28839754377093,15.292327796326358,15.325644414619008,16.29182634510586,16.15855987193526,21.338003158569336,29.075417709350585,32.654956169128404,16.230753898620605,22.129297924041744,24.699509716033933,4.522585105895993,1.0773760378360748,126.98121719360348,4.504324913024902,8.800244903564451,11.717327690124513,0.0,,1.0,0.0,
yolov11n,bytetrack,ok,/home/francisco/Desktop/Thesis-Code/reports/timing/live_matrix_20260427_120926/yolov11n__bytetrack.json,93.98653989519391,17.985528622448946,18.21867436385106,18.21867436385106,17.95222208796293,21.158721923828125,28.864341926574696,32.25190795898437,16.268613815307617,22.245722007751464,26.049204025268534,4.034271907806394,0.9959790885448448,122.09422073364252,4.841012954711914,10.045454502105708,11.82886224746704,0.0,,1.0,0.0,
yolov11n,deepsort,ok,/home/francisco/Desktop/Thesis-Code/reports/timing/live_matrix_20260427_120926/yolov11n__deepsort.json,85.3384004865374,12.488664591565515,12.488664591565515,10.656993784802571,10.490478256915033,22.431900024414062,32.19734840393067,35.5788150024414,17.412736892700195,24.67115879058838,28.757740898132322,4.158343124389649,1.233690905570984,182.63119659423828,57.70254325866699,79.5154552459717,88.15024383544923,128.92603912353516,,1.0,0.0,
yolov11s,sort,ok,/home/francisco/Desktop/Thesis-Code/reports/timing/live_matrix_20260427_120926/yolov11s__sort.json,92.2835671561105,14.53166703938857,14.53166703938857,15.331575316786106,15.03160971276203,29.29574680328369,37.68271350860596,42.72198867797849,24.45254898071289,30.966468811035156,34.69171295166015,4.278030633926392,1.0322515070438385,134.01502990722656,4.743215560913086,9.127663516998291,10.840969209671016,0.0,,1.0,0.0,
yolov11s,ocsort,ok,/home/francisco/Desktop/Thesis-Code/reports/timing/live_matrix_20260427_120926/yolov11s__ocsort.json,92.66080147879464,15.501118447558618,15.501118447558618,15.101948015432646,15.501118447558618,30.229146003723145,37.195878982543945,39.97517337799072,24.922100067138672,30.40110492706299,33.51374378204346,4.309012413024902,1.0980345010757446,131.3743896484375,4.909263372421265,8.616407489776611,11.454604120254507,0.0,,1.0,0.0,
yolov11s,bytetrack,ok,/home/francisco/Desktop/Thesis-Code/reports/timing/live_matrix_20260427_120926/yolov11s__bytetrack.json,92.20692879813058,15.484502519918584,15.484502519918584,14.718602395277449,14.585402373600731,30.592981338500977,39.28002853393555,44.840607452392604,25.25014877319336,31.18745765686034,37.15824279785157,4.802094268798827,1.1542263746261594,134.55149841308588,5.0869410037994385,9.657110166549682,12.334230651855467,0.0,,1.0,0.0,
yolov11s,deepsort,ok,/home/francisco/Desktop/Thesis-Code/reports/timing/live_matrix_20260427_120926/yolov11s__deepsort.json,84.47779192243303,13.387566939807934,13.354264534485027,10.823281729944224,10.623467298006792,32.05752944946289,40.98858642578125,47.054073333740234,26.5239200592041,33.947086334228516,40.08087158203125,5.06282901763916,1.5088670253753662,188.65545654296875,62.05168914794922,85.02073974609375,101.75992614746089,153.5155899047851,,1.0,0.0,
yolov11m,sort,ok,/home/francisco/Desktop/Thesis-Code/reports/timing/live_matrix_20260427_120926/yolov11m__sort.json,92.23369532993861,13.763582178165569,13.73033681058546,14.461734897347881,14.195771956707,47.373077392578125,57.109800720214835,89.62402404785156,41.80618667602539,49.26502532958985,54.10589172363281,4.587302303314204,1.8560229778289745,134.36413269042967,4.751492977142334,8.801741981506343,11.317816505432095,0.0,,1.0,0.0,
yolov11m,ocsort,ok,/home/francisco/Desktop/Thesis-Code/reports/timing/live_matrix_20260427_120926/yolov11m__ocsort.json,89.46446010044643,14.427372260998508,14.593970093111654,14.593970093111654,14.593970093111654,47.26118469238281,57.178054046630855,90.26666946411129,41.944175720214844,49.018774604797365,54.99754833221435,4.517277050018309,1.9703588485717767,153.748779296875,4.694371700286865,8.92005763053894,10.719558563232422,0.0,,1.0,0.0,
yolov11m,bytetrack,ok,/home/francisco/Desktop/Thesis-Code/reports/timing/live_matrix_20260427_120926/yolov11m__bytetrack.json,92.00665174211777,14.799600696413162,14.799600696413162,14.266281752398273,13.999622280390827,47.49095344543457,57.601645660400386,88.98943359375,41.86917495727539,49.71221446990964,54.01450210571288,4.0432974815368645,1.832221657037734,135.95343780517564,5.0461626052856445,9.101860761642453,12.125301637649539,0.0,,1.0,0.0,
yolov11m,deepsort,ok,/home/francisco/Desktop/Thesis-Code/reports/timing/live_matrix_20260427_120926/yolov11m__deepsort.json,84.94755717686245,12.216949589877668,12.183660898897074,11.085134096537502,10.85211325967335,49.52037239074707,62.10836982727051,99.67904167175297,42.84705352783203,53.07749366760254,59.04783763885499,4.972105622291565,2.758999764919281,185.3670997619629,58.99998474121094,83.8724609375,89.11096282958985,160.90121459960938,,1.0,0.0,
yolov11l,sort,ok,/home/francisco/Desktop/Thesis-Code/reports/timing/live_matrix_20260427_120926/yolov11l__sort.json,86.92895684923445,11.728479647074243,11.728479647074243,12.62810734727596,12.461509625016385,59.2432746887207,72.36671257019043,122.88262977600098,53.63610649108887,61.2283254623413,65.81040512084961,5.001010274887085,3.163420069217679,166.52720565795897,4.988790988922119,8.987433624267577,10.523034019470208,0.0,,1.0,0.0,
yolov11l,ocsort,ok,/home/francisco/Desktop/Thesis-Code/reports/timing/live_matrix_20260427_120926/yolov11l__ocsort.json,89.15061200823104,11.89956764428258,11.932899766535472,12.799534945110675,12.566210089340428,58.63132286071777,70.36168518066405,117.75253463745118,53.05951690673828,60.741466712951656,64.62996227264405,5.187712693214416,3.270482289791106,155.18617706298824,5.085190057754517,9.210360717773433,12.51421732902527,0.0,,1.0,0.0,
yolov11l,bytetrack,ok,/home/francisco/Desktop/Thesis-Code/reports/timing/live_matrix_20260427_120926/yolov11l__bytetrack.json,87.10828151157925,12.153433314107597,12.120136236534698,12.819374865565546,12.78607778799265,59.093122482299805,72.4059585571289,120.28110137939453,53.111886978149414,59.68754692077636,62.918362388610845,5.82775328159332,2.988101100921625,165.1895164489746,5.434944152832031,10.141513633728026,13.109866867065403,0.0,,1.0,0.0,
yolov11l,deepsort,ok,/home/francisco/Desktop/Thesis-Code/reports/timing/live_matrix_20260427_120926/yolov11l__deepsort.json,80.69468417576383,10.650544196284091,10.617261245670704,10.25114878892344,9.951602233402948,60.42316436767578,75.56642837524414,118.70087890625,54.312007904052734,63.64941482543944,67.97699752807617,5.134227991104124,3.030246829986566,203.44771118164056,57.22967529296875,80.2057647705078,87.15974258422852,168.91410064697266,,1.0,0.0,
yolov11x,sort,ok,/home/francisco/Desktop/Thesis-Code/reports/timing/live_matrix_20260427_120926/yolov11x__sort.json,50.13356830051967,8.541655126513948,8.508419114348523,9.07343132116073,8.874015248168186,99.98006057739258,193.00392532348633,201.82231216430662,93.32052993774414,98.96637344360352,101.5398956298828,6.802225232124329,2.7872413396835327,170.75677871704102,4.727252006530762,8.598064613342284,10.105496864318836,0.0,,1.0,0.0,
yolov11x,ocsort,ok,/home/francisco/Desktop/Thesis-Code/reports/timing/live_matrix_20260427_120926/yolov11x__ocsort.json,61.414473528180935,8.828759286755488,8.795443213975279,9.395132524019047,9.295184305678418,100.49055099487305,173.0803627014156,199.98469360351564,93.51103210449219,98.68183822631836,100.48753128051757,6.201705074310302,2.8948095560073837,133.62992362976067,4.927707195281982,9.347022581100461,12.141012744903565,0.0,,1.0,0.0,
yolov11x,bytetrack,ok,/home/francisco/Desktop/Thesis-Code/reports/timing/live_matrix_20260427_120926/yolov11x__bytetrack.json,47.83782412937712,8.611754621233231,8.64500463907583,9.14375490671482,9.14375490671482,99.79595565795898,192.31630783081053,200.85315246582036,92.66728973388672,98.39171905517577,100.56756179809571,6.555242371559143,2.6632912397384607,188.2709846496581,5.093753814697266,10.152981281280518,12.026017570495606,0.0,,1.0,0.0,
yolov11x,deepsort,ok,/home/francisco/Desktop/Thesis-Code/reports/timing/live_matrix_20260427_120926/yolov11x__deepsort.json,47.52234670366559,8.7289041558495,8.7289041558495,8.329107018940363,8.195841306637316,100.69441604614258,193.86583786010743,202.13645187377927,93.95326232910156,101.01968002319335,106.01728523254393,6.48948504924774,3.2194010138511584,187.22531356811524,42.70087242126465,66.79161262512207,76.17822463989258,0.0,,1.0,0.0,
