path	frames_present
acceptance_memory_source	1097
all_scores	1097
all_scores[]	1097
all_scores[].adaptive_similarity	1097
all_scores[].ambiguous	1097
all_scores[].appearance	1097
all_scores[].appearance_accepted_for_publication	1097
all_scores[].appearance_available	1097
all_scores[].appearance_evaluated	1097
all_scores[].appearance_gate_passed	1097
all_scores[].appearance_raw	1097
all_scores[].appearance_similarity_passed	1097
all_scores[].appearance_used	1097
all_scores[].confidence	1097
all_scores[].distance	1097
all_scores[].geometry_allows_appearance	1097
all_scores[].geometry_score	1097
all_scores[].hard_negative_margin	1097
all_scores[].hard_negative_reject	1097
all_scores[].hard_negative_similarity	1097
all_scores[].id_bonus	1097
all_scores[].iou	1097
all_scores[].positive_similarity	1097
all_scores[].positive_support_source	1097
all_scores[].protected_anchor_similarity	1097
all_scores[].ranking_score	1097
all_scores[].scale	1097
all_scores[].total	1097
all_scores[].track_id	1097
all_scores[].trusted_gallery_similarity	1097
appearance_async_reid.last_accepted_track_id	1097
appearance_candidates	1097
appearance_crop_quality_by_track_id	1097
appearance_embedding_age_ms_by_track_id	1097
appearance_memory_update_ineligible	1097
appearance_request_candidates	1097
appearance_request_track_ids	1097
appearance_request_track_ids[]	1097
best.geometry_score	1097
best.ranking_score	1097
best.track_id	1097
candidate_score	1097
candidate_track_id	1097
candidate_track_ids	1097
candidate_track_ids[]	1097
control_mode	1097
hard_negative_memory_size	1097
image_track_offset_ms	1097
memory_update_freeze_reason	1097
memory_update_frozen	1097
num_tracks	1097
positive_memory_bootstrap_event	1097
positive_memory_update_reason	1097
positive_memory_updated	1097
selected_image_timestamp_ns	1097
state	1097
target_track_id	1097
track_timestamp_ns	1097
appearance_crop_quality_by_track_id.1	911
appearance_crop_quality_by_track_id.1.aspect_ratio	911
appearance_crop_quality_by_track_id.1.clipping_fraction	911
appearance_crop_quality_by_track_id.1.crop_height_px	911
appearance_crop_quality_by_track_id.1.crop_width_px	911
appearance_crop_quality_by_track_id.1.encoding_eligible	911
appearance_crop_quality_by_track_id.1.max_iou_with_other	911
appearance_crop_quality_by_track_id.1.memory_update_eligible	911
appearance_crop_quality_by_track_id.1.min_centre_distance_norm	911
appearance_crop_quality_by_track_id.1.rejection_reasons	911
appearance_embedding_age_ms_by_track_id.1	873
appearance_crop_quality_by_track_id.41	550
appearance_crop_quality_by_track_id.41.aspect_ratio	550
appearance_crop_quality_by_track_id.41.clipping_fraction	550
appearance_crop_quality_by_track_id.41.crop_height_px	550
appearance_crop_quality_by_track_id.41.crop_width_px	550
appearance_crop_quality_by_track_id.41.encoding_eligible	550
appearance_crop_quality_by_track_id.41.max_iou_with_other	550
appearance_crop_quality_by_track_id.41.memory_update_eligible	550
appearance_crop_quality_by_track_id.41.min_centre_distance_norm	550
appearance_crop_quality_by_track_id.41.rejection_reasons	550
appearance_crop_quality_by_track_id.2	514
appearance_crop_quality_by_track_id.2.aspect_ratio	514
appearance_crop_quality_by_track_id.2.clipping_fraction	514
appearance_crop_quality_by_track_id.2.crop_height_px	514
appearance_crop_quality_by_track_id.2.crop_width_px	514
appearance_crop_quality_by_track_id.2.encoding_eligible	514
appearance_crop_quality_by_track_id.2.max_iou_with_other	514
appearance_crop_quality_by_track_id.2.memory_update_eligible	514
appearance_crop_quality_by_track_id.2.min_centre_distance_norm	514
appearance_crop_quality_by_track_id.2.rejection_reasons	514
appearance_embedding_age_ms_by_track_id.41	445
hard_negative_entries[].appearance_frame_generation	282
hard_negative_entries[].appearance_source_crop_quality.memory_update_eligible	282
hard_negative_entries[].appearance_track_generation	282
hard_negative_entries[].latest_crop_quality.memory_update_eligible	282
hard_negative_entries[].latest_geometry_score	282
hard_negative_entries[].lifecycle_state	282
hard_negative_entries[].selected_track_ids	282
hard_negative_entries[].selected_track_ids[]	282
hard_negative_entries[].source_track_ids	282
hard_negative_entries[].source_track_ids[]	282
appearance_embedding_age_ms_by_track_id.2	276
appearance_crop_quality_by_track_id.60	156
appearance_crop_quality_by_track_id.60.aspect_ratio	156
appearance_crop_quality_by_track_id.60.clipping_fraction	156
appearance_crop_quality_by_track_id.60.crop_height_px	156
appearance_crop_quality_by_track_id.60.crop_width_px	156
appearance_crop_quality_by_track_id.60.encoding_eligible	156
appearance_crop_quality_by_track_id.60.max_iou_with_other	156
appearance_crop_quality_by_track_id.60.memory_update_eligible	156
appearance_crop_quality_by_track_id.60.min_centre_distance_norm	156
appearance_crop_quality_by_track_id.60.rejection_reasons	156
hard_negative_events[].memory_size	140
hard_negative_events[].selected_track_id	140
hard_negative_events[].selected_track_ids	140
hard_negative_events[].selected_track_ids[]	140
hard_negative_events[].source_track_id	140
hard_negative_events[].source_track_ids	140
hard_negative_events[].source_track_ids[]	140
appearance_crop_quality_by_track_id.17	119
appearance_crop_quality_by_track_id.17.aspect_ratio	119
appearance_crop_quality_by_track_id.17.clipping_fraction	119
appearance_crop_quality_by_track_id.17.crop_height_px	119
appearance_crop_quality_by_track_id.17.crop_width_px	119
appearance_crop_quality_by_track_id.17.encoding_eligible	119
appearance_crop_quality_by_track_id.17.max_iou_with_other	119
appearance_crop_quality_by_track_id.17.memory_update_eligible	119
appearance_crop_quality_by_track_id.17.min_centre_distance_norm	119
appearance_crop_quality_by_track_id.17.rejection_reasons	119
appearance_crop_quality_by_track_id.17.rejection_reasons[]	119
appearance_crop_quality_by_track_id.10	114
appearance_crop_quality_by_track_id.10.aspect_ratio	114
appearance_crop_quality_by_track_id.10.clipping_fraction	114
appearance_crop_quality_by_track_id.10.crop_height_px	114
appearance_crop_quality_by_track_id.10.crop_width_px	114
appearance_crop_quality_by_track_id.10.encoding_eligible	114
appearance_crop_quality_by_track_id.10.max_iou_with_other	114
appearance_crop_quality_by_track_id.10.memory_update_eligible	114
appearance_crop_quality_by_track_id.10.min_centre_distance_norm	114
appearance_crop_quality_by_track_id.10.rejection_reasons	114
appearance_crop_quality_by_track_id.10.rejection_reasons[]	114
appearance_crop_quality_by_track_id.46	108
appearance_crop_quality_by_track_id.46.aspect_ratio	108
appearance_crop_quality_by_track_id.46.clipping_fraction	108
appearance_crop_quality_by_track_id.46.crop_height_px	108
appearance_crop_quality_by_track_id.46.crop_width_px	108
appearance_crop_quality_by_track_id.46.encoding_eligible	108
appearance_crop_quality_by_track_id.46.max_iou_with_other	108
appearance_crop_quality_by_track_id.46.memory_update_eligible	108
appearance_crop_quality_by_track_id.46.min_centre_distance_norm	108
appearance_crop_quality_by_track_id.46.rejection_reasons	108
appearance_crop_quality_by_track_id.46.rejection_reasons[]	108
appearance_crop_quality_by_track_id.1.rejection_reasons[]	85
appearance_crop_quality_by_track_id.48	83
appearance_crop_quality_by_track_id.48.aspect_ratio	83
appearance_crop_quality_by_track_id.48.clipping_fraction	83
appearance_crop_quality_by_track_id.48.crop_height_px	83
appearance_crop_quality_by_track_id.48.crop_width_px	83
appearance_crop_quality_by_track_id.48.encoding_eligible	83
appearance_crop_quality_by_track_id.48.max_iou_with_other	83
appearance_crop_quality_by_track_id.48.memory_update_eligible	83
appearance_crop_quality_by_track_id.48.min_centre_distance_norm	83
appearance_crop_quality_by_track_id.48.rejection_reasons	83
appearance_crop_quality_by_track_id.65	78
appearance_crop_quality_by_track_id.65.aspect_ratio	78
appearance_crop_quality_by_track_id.65.clipping_fraction	78
appearance_crop_quality_by_track_id.65.crop_height_px	78
appearance_crop_quality_by_track_id.65.crop_width_px	78
appearance_crop_quality_by_track_id.65.encoding_eligible	78
appearance_crop_quality_by_track_id.65.max_iou_with_other	78
appearance_crop_quality_by_track_id.65.memory_update_eligible	78
appearance_crop_quality_by_track_id.65.min_centre_distance_norm	78
appearance_crop_quality_by_track_id.65.rejection_reasons	78
appearance_crop_quality_by_track_id.65.rejection_reasons[]	78
appearance_embedding_age_ms_by_track_id.60	78
appearance_crop_quality_by_track_id.41.rejection_reasons[]	73
appearance_crop_quality_by_track_id.48.rejection_reasons[]	65
appearance_crop_quality_by_track_id.27	62
appearance_crop_quality_by_track_id.27.aspect_ratio	62
appearance_crop_quality_by_track_id.27.clipping_fraction	62
appearance_crop_quality_by_track_id.27.crop_height_px	62
appearance_crop_quality_by_track_id.27.crop_width_px	62
appearance_crop_quality_by_track_id.27.encoding_eligible	62
appearance_crop_quality_by_track_id.27.max_iou_with_other	62
appearance_crop_quality_by_track_id.27.memory_update_eligible	62
appearance_crop_quality_by_track_id.27.min_centre_distance_norm	62
appearance_crop_quality_by_track_id.27.rejection_reasons	62
appearance_crop_quality_by_track_id.27.rejection_reasons[]	62
appearance_crop_quality_by_track_id.30	60
appearance_crop_quality_by_track_id.30.aspect_ratio	60
appearance_crop_quality_by_track_id.30.clipping_fraction	60
appearance_crop_quality_by_track_id.30.crop_height_px	60
appearance_crop_quality_by_track_id.30.crop_width_px	60
appearance_crop_quality_by_track_id.30.encoding_eligible	60
appearance_crop_quality_by_track_id.30.max_iou_with_other	60
appearance_crop_quality_by_track_id.30.memory_update_eligible	60
appearance_crop_quality_by_track_id.30.min_centre_distance_norm	60
appearance_crop_quality_by_track_id.30.rejection_reasons	60
appearance_crop_quality_by_track_id.13	54
appearance_crop_quality_by_track_id.13.aspect_ratio	54
appearance_crop_quality_by_track_id.13.clipping_fraction	54
appearance_crop_quality_by_track_id.13.crop_height_px	54
appearance_crop_quality_by_track_id.13.crop_width_px	54
appearance_crop_quality_by_track_id.13.encoding_eligible	54
appearance_crop_quality_by_track_id.13.max_iou_with_other	54
appearance_crop_quality_by_track_id.13.memory_update_eligible	54
appearance_crop_quality_by_track_id.13.min_centre_distance_norm	54
appearance_crop_quality_by_track_id.13.rejection_reasons	54
appearance_crop_quality_by_track_id.13.rejection_reasons[]	54
appearance_crop_quality_by_track_id.35	54
appearance_crop_quality_by_track_id.35.aspect_ratio	54
appearance_crop_quality_by_track_id.35.clipping_fraction	54
appearance_crop_quality_by_track_id.35.crop_height_px	54
appearance_crop_quality_by_track_id.35.crop_width_px	54
appearance_crop_quality_by_track_id.35.encoding_eligible	54
appearance_crop_quality_by_track_id.35.max_iou_with_other	54
appearance_crop_quality_by_track_id.35.memory_update_eligible	54
appearance_crop_quality_by_track_id.35.min_centre_distance_norm	54
appearance_crop_quality_by_track_id.35.rejection_reasons	54
appearance_crop_quality_by_track_id.30.rejection_reasons[]	49
appearance_crop_quality_by_track_id.68	48
appearance_crop_quality_by_track_id.68.aspect_ratio	48
appearance_crop_quality_by_track_id.68.clipping_fraction	48
appearance_crop_quality_by_track_id.68.crop_height_px	48
appearance_crop_quality_by_track_id.68.crop_width_px	48
appearance_crop_quality_by_track_id.68.encoding_eligible	48
appearance_crop_quality_by_track_id.68.max_iou_with_other	48
appearance_crop_quality_by_track_id.68.memory_update_eligible	48
appearance_crop_quality_by_track_id.68.min_centre_distance_norm	48
appearance_crop_quality_by_track_id.68.rejection_reasons	48
hard_negative_pending_entries[].appearance_frame_generation	44
hard_negative_pending_entries[].appearance_source_crop_quality.memory_update_eligible	44
hard_negative_pending_entries[].appearance_track_generation	44
hard_negative_pending_entries[].latest_crop_quality.memory_update_eligible	44
hard_negative_pending_entries[].latest_geometry_score	44
hard_negative_pending_entries[].lifecycle_state	44
hard_negative_pending_entries[].selected_track_ids	44
hard_negative_pending_entries[].selected_track_ids[]	44
hard_negative_pending_entries[].source_track_ids	44
hard_negative_pending_entries[].source_track_ids[]	44
appearance_crop_quality_by_track_id.35.rejection_reasons[]	42
appearance_crop_quality_by_track_id.61	42
appearance_crop_quality_by_track_id.61.aspect_ratio	42
appearance_crop_quality_by_track_id.61.clipping_fraction	42
appearance_crop_quality_by_track_id.61.crop_height_px	42
appearance_crop_quality_by_track_id.61.crop_width_px	42
appearance_crop_quality_by_track_id.61.encoding_eligible	42
appearance_crop_quality_by_track_id.61.max_iou_with_other	42
appearance_crop_quality_by_track_id.61.memory_update_eligible	42
appearance_crop_quality_by_track_id.61.min_centre_distance_norm	42
appearance_crop_quality_by_track_id.61.rejection_reasons	42
appearance_crop_quality_by_track_id.61.rejection_reasons[]	42
appearance_crop_quality_by_track_id.66	35
appearance_crop_quality_by_track_id.66.aspect_ratio	35
appearance_crop_quality_by_track_id.66.clipping_fraction	35
appearance_crop_quality_by_track_id.66.crop_height_px	35
appearance_crop_quality_by_track_id.66.crop_width_px	35
appearance_crop_quality_by_track_id.66.encoding_eligible	35
appearance_crop_quality_by_track_id.66.max_iou_with_other	35
appearance_crop_quality_by_track_id.66.memory_update_eligible	35
appearance_crop_quality_by_track_id.66.min_centre_distance_norm	35
appearance_crop_quality_by_track_id.66.rejection_reasons	35
appearance_crop_quality_by_track_id.66.rejection_reasons[]	35
appearance_crop_quality_by_track_id.58	24
appearance_crop_quality_by_track_id.58.aspect_ratio	24
appearance_crop_quality_by_track_id.58.clipping_fraction	24
appearance_crop_quality_by_track_id.58.crop_height_px	24
appearance_crop_quality_by_track_id.58.crop_width_px	24
appearance_crop_quality_by_track_id.58.encoding_eligible	24
appearance_crop_quality_by_track_id.58.max_iou_with_other	24
appearance_crop_quality_by_track_id.58.memory_update_eligible	24
appearance_crop_quality_by_track_id.58.min_centre_distance_norm	24
appearance_crop_quality_by_track_id.58.rejection_reasons	24
appearance_crop_quality_by_track_id.63	24
appearance_crop_quality_by_track_id.63.aspect_ratio	24
appearance_crop_quality_by_track_id.63.clipping_fraction	24
appearance_crop_quality_by_track_id.63.crop_height_px	24
appearance_crop_quality_by_track_id.63.crop_width_px	24
appearance_crop_quality_by_track_id.63.encoding_eligible	24
appearance_crop_quality_by_track_id.63.max_iou_with_other	24
appearance_crop_quality_by_track_id.63.memory_update_eligible	24
appearance_crop_quality_by_track_id.63.min_centre_distance_norm	24
appearance_crop_quality_by_track_id.63.rejection_reasons	24
appearance_crop_quality_by_track_id.63.rejection_reasons[]	24
appearance_crop_quality_by_track_id.68.rejection_reasons[]	24
appearance_crop_quality_by_track_id.2.rejection_reasons[]	18
appearance_crop_quality_by_track_id.39	18
appearance_crop_quality_by_track_id.39.aspect_ratio	18
appearance_crop_quality_by_track_id.39.clipping_fraction	18
appearance_crop_quality_by_track_id.39.crop_height_px	18
appearance_crop_quality_by_track_id.39.crop_width_px	18
appearance_crop_quality_by_track_id.39.encoding_eligible	18
appearance_crop_quality_by_track_id.39.max_iou_with_other	18
appearance_crop_quality_by_track_id.39.memory_update_eligible	18
appearance_crop_quality_by_track_id.39.min_centre_distance_norm	18
appearance_crop_quality_by_track_id.39.rejection_reasons	18
appearance_crop_quality_by_track_id.39.rejection_reasons[]	18
appearance_embedding_age_ms_by_track_id.30	18
appearance_embedding_age_ms_by_track_id.68	18
appearance_embedding_age_ms_by_track_id.48	15
appearance_crop_quality_by_track_id.18	12
appearance_crop_quality_by_track_id.18.aspect_ratio	12
appearance_crop_quality_by_track_id.18.clipping_fraction	12
appearance_crop_quality_by_track_id.18.crop_height_px	12
appearance_crop_quality_by_track_id.18.crop_width_px	12
appearance_crop_quality_by_track_id.18.encoding_eligible	12
appearance_crop_quality_by_track_id.18.max_iou_with_other	12
appearance_crop_quality_by_track_id.18.memory_update_eligible	12
appearance_crop_quality_by_track_id.18.min_centre_distance_norm	12
appearance_crop_quality_by_track_id.18.rejection_reasons	12
appearance_crop_quality_by_track_id.18.rejection_reasons[]	12
appearance_crop_quality_by_track_id.52	12
appearance_crop_quality_by_track_id.52.aspect_ratio	12
appearance_crop_quality_by_track_id.52.clipping_fraction	12
appearance_crop_quality_by_track_id.52.crop_height_px	12
appearance_crop_quality_by_track_id.52.crop_width_px	12
appearance_crop_quality_by_track_id.52.encoding_eligible	12
appearance_crop_quality_by_track_id.52.max_iou_with_other	12
appearance_crop_quality_by_track_id.52.memory_update_eligible	12
appearance_crop_quality_by_track_id.52.min_centre_distance_norm	12
appearance_crop_quality_by_track_id.52.rejection_reasons	12
appearance_crop_quality_by_track_id.52.rejection_reasons[]	12
appearance_crop_quality_by_track_id.53	12
appearance_crop_quality_by_track_id.53.aspect_ratio	12
appearance_crop_quality_by_track_id.53.clipping_fraction	12
appearance_crop_quality_by_track_id.53.crop_height_px	12
appearance_crop_quality_by_track_id.53.crop_width_px	12
appearance_crop_quality_by_track_id.53.encoding_eligible	12
appearance_crop_quality_by_track_id.53.max_iou_with_other	12
appearance_crop_quality_by_track_id.53.memory_update_eligible	12
appearance_crop_quality_by_track_id.53.min_centre_distance_norm	12
appearance_crop_quality_by_track_id.53.rejection_reasons	12
appearance_crop_quality_by_track_id.53.rejection_reasons[]	12
appearance_crop_quality_by_track_id.58.rejection_reasons[]	12
appearance_crop_quality_by_track_id.64	12
appearance_crop_quality_by_track_id.64.aspect_ratio	12
appearance_crop_quality_by_track_id.64.clipping_fraction	12
appearance_crop_quality_by_track_id.64.crop_height_px	12
appearance_crop_quality_by_track_id.64.crop_width_px	12
appearance_crop_quality_by_track_id.64.encoding_eligible	12
appearance_crop_quality_by_track_id.64.max_iou_with_other	12
appearance_crop_quality_by_track_id.64.memory_update_eligible	12
appearance_crop_quality_by_track_id.64.min_centre_distance_norm	12
appearance_crop_quality_by_track_id.64.rejection_reasons	12
appearance_crop_quality_by_track_id.64.rejection_reasons[]	12
appearance_crop_quality_by_track_id.67	12
appearance_crop_quality_by_track_id.67.aspect_ratio	12
appearance_crop_quality_by_track_id.67.clipping_fraction	12
appearance_crop_quality_by_track_id.67.crop_height_px	12
appearance_crop_quality_by_track_id.67.crop_width_px	12
appearance_crop_quality_by_track_id.67.encoding_eligible	12
appearance_crop_quality_by_track_id.67.max_iou_with_other	12
appearance_crop_quality_by_track_id.67.memory_update_eligible	12
appearance_crop_quality_by_track_id.67.min_centre_distance_norm	12
appearance_crop_quality_by_track_id.67.rejection_reasons	12
appearance_crop_quality_by_track_id.67.rejection_reasons[]	12
appearance_crop_quality_by_track_id.9	12
appearance_crop_quality_by_track_id.9.aspect_ratio	12
appearance_crop_quality_by_track_id.9.clipping_fraction	12
appearance_crop_quality_by_track_id.9.crop_height_px	12
appearance_crop_quality_by_track_id.9.crop_width_px	12
appearance_crop_quality_by_track_id.9.encoding_eligible	12
appearance_crop_quality_by_track_id.9.max_iou_with_other	12
appearance_crop_quality_by_track_id.9.memory_update_eligible	12
appearance_crop_quality_by_track_id.9.min_centre_distance_norm	12
appearance_crop_quality_by_track_id.9.rejection_reasons	12
appearance_crop_quality_by_track_id.54	9
appearance_crop_quality_by_track_id.54.aspect_ratio	9
appearance_crop_quality_by_track_id.54.clipping_fraction	9
appearance_crop_quality_by_track_id.54.crop_height_px	9
appearance_crop_quality_by_track_id.54.crop_width_px	9
appearance_crop_quality_by_track_id.54.encoding_eligible	9
appearance_crop_quality_by_track_id.54.max_iou_with_other	9
appearance_crop_quality_by_track_id.54.memory_update_eligible	9
appearance_crop_quality_by_track_id.54.min_centre_distance_norm	9
appearance_crop_quality_by_track_id.54.rejection_reasons	9
appearance_crop_quality_by_track_id.54.rejection_reasons[]	9
appearance_crop_quality_by_track_id.56	9
appearance_crop_quality_by_track_id.56.aspect_ratio	9
appearance_crop_quality_by_track_id.56.clipping_fraction	9
appearance_crop_quality_by_track_id.56.crop_height_px	9
appearance_crop_quality_by_track_id.56.crop_width_px	9
appearance_crop_quality_by_track_id.56.encoding_eligible	9
appearance_crop_quality_by_track_id.56.max_iou_with_other	9
appearance_crop_quality_by_track_id.56.memory_update_eligible	9
appearance_crop_quality_by_track_id.56.min_centre_distance_norm	9
appearance_crop_quality_by_track_id.56.rejection_reasons	9
appearance_crop_quality_by_track_id.56.rejection_reasons[]	9
appearance_embedding_age_ms_by_track_id.58	8
appearance_crop_quality_by_track_id.4	6
appearance_crop_quality_by_track_id.4.aspect_ratio	6
appearance_crop_quality_by_track_id.4.clipping_fraction	6
appearance_crop_quality_by_track_id.4.crop_height_px	6
appearance_crop_quality_by_track_id.4.crop_width_px	6
appearance_crop_quality_by_track_id.4.encoding_eligible	6
appearance_crop_quality_by_track_id.4.max_iou_with_other	6
appearance_crop_quality_by_track_id.4.memory_update_eligible	6
appearance_crop_quality_by_track_id.4.min_centre_distance_norm	6
appearance_crop_quality_by_track_id.4.rejection_reasons	6
appearance_crop_quality_by_track_id.4.rejection_reasons[]	6
appearance_crop_quality_by_track_id.43	6
appearance_crop_quality_by_track_id.43.aspect_ratio	6
appearance_crop_quality_by_track_id.43.clipping_fraction	6
appearance_crop_quality_by_track_id.43.crop_height_px	6
appearance_crop_quality_by_track_id.43.crop_width_px	6
appearance_crop_quality_by_track_id.43.encoding_eligible	6
appearance_crop_quality_by_track_id.43.max_iou_with_other	6
appearance_crop_quality_by_track_id.43.memory_update_eligible	6
appearance_crop_quality_by_track_id.43.min_centre_distance_norm	6
appearance_crop_quality_by_track_id.43.rejection_reasons	6
appearance_crop_quality_by_track_id.43.rejection_reasons[]	6
appearance_crop_quality_by_track_id.50	6
appearance_crop_quality_by_track_id.50.aspect_ratio	6
appearance_crop_quality_by_track_id.50.clipping_fraction	6
appearance_crop_quality_by_track_id.50.crop_height_px	6
appearance_crop_quality_by_track_id.50.crop_width_px	6
appearance_crop_quality_by_track_id.50.encoding_eligible	6
appearance_crop_quality_by_track_id.50.max_iou_with_other	6
appearance_crop_quality_by_track_id.50.memory_update_eligible	6
appearance_crop_quality_by_track_id.50.min_centre_distance_norm	6
appearance_crop_quality_by_track_id.50.rejection_reasons	6
appearance_crop_quality_by_track_id.50.rejection_reasons[]	6
appearance_crop_quality_by_track_id.51	6
appearance_crop_quality_by_track_id.51.aspect_ratio	6
appearance_crop_quality_by_track_id.51.clipping_fraction	6
appearance_crop_quality_by_track_id.51.crop_height_px	6
appearance_crop_quality_by_track_id.51.crop_width_px	6
appearance_crop_quality_by_track_id.51.encoding_eligible	6
appearance_crop_quality_by_track_id.51.max_iou_with_other	6
appearance_crop_quality_by_track_id.51.memory_update_eligible	6
appearance_crop_quality_by_track_id.51.min_centre_distance_norm	6
appearance_crop_quality_by_track_id.51.rejection_reasons	6
appearance_crop_quality_by_track_id.55	6
appearance_crop_quality_by_track_id.55.aspect_ratio	6
appearance_crop_quality_by_track_id.55.clipping_fraction	6
appearance_crop_quality_by_track_id.55.crop_height_px	6
appearance_crop_quality_by_track_id.55.crop_width_px	6
appearance_crop_quality_by_track_id.55.encoding_eligible	6
appearance_crop_quality_by_track_id.55.max_iou_with_other	6
appearance_crop_quality_by_track_id.55.memory_update_eligible	6
appearance_crop_quality_by_track_id.55.min_centre_distance_norm	6
appearance_crop_quality_by_track_id.55.rejection_reasons	6
appearance_crop_quality_by_track_id.55.rejection_reasons[]	6
appearance_crop_quality_by_track_id.60.rejection_reasons[]	6
appearance_crop_quality_by_track_id.7	6
appearance_crop_quality_by_track_id.7.aspect_ratio	6
appearance_crop_quality_by_track_id.7.clipping_fraction	6
appearance_crop_quality_by_track_id.7.crop_height_px	6
appearance_crop_quality_by_track_id.7.crop_width_px	6
appearance_crop_quality_by_track_id.7.encoding_eligible	6
appearance_crop_quality_by_track_id.7.max_iou_with_other	6
appearance_crop_quality_by_track_id.7.memory_update_eligible	6
appearance_crop_quality_by_track_id.7.min_centre_distance_norm	6
appearance_crop_quality_by_track_id.7.rejection_reasons	6
appearance_crop_quality_by_track_id.7.rejection_reasons[]	6
appearance_crop_quality_by_track_id.9.rejection_reasons[]	6
appearance_embedding_age_ms_by_track_id.35	6
appearance_crop_quality_by_track_id.3	4
appearance_crop_quality_by_track_id.3.aspect_ratio	4
appearance_crop_quality_by_track_id.3.clipping_fraction	4
appearance_crop_quality_by_track_id.3.crop_height_px	4
appearance_crop_quality_by_track_id.3.crop_width_px	4
appearance_crop_quality_by_track_id.3.encoding_eligible	4
appearance_crop_quality_by_track_id.3.max_iou_with_other	4
appearance_crop_quality_by_track_id.3.memory_update_eligible	4
appearance_crop_quality_by_track_id.3.min_centre_distance_norm	4
appearance_crop_quality_by_track_id.3.rejection_reasons	4
appearance_crop_quality_by_track_id.3.rejection_reasons[]	4
appearance_embedding_age_ms_by_track_id.51	3
appearance_embedding_age_ms_by_track_id.9	3
hard_negative_events[].snapshot.appearance_frame_generation	3
hard_negative_events[].snapshot.appearance_source_crop_quality.memory_update_eligible	3
hard_negative_events[].snapshot.appearance_track_generation	3
hard_negative_events[].snapshot.latest_crop_quality.memory_update_eligible	3
hard_negative_events[].snapshot.latest_geometry_score	3
hard_negative_events[].snapshot.lifecycle_state	3
hard_negative_events[].snapshot.selected_track_ids	3
hard_negative_events[].snapshot.selected_track_ids[]	3
hard_negative_events[].snapshot.source_track_ids	3
hard_negative_events[].snapshot.source_track_ids[]	3
appearance_crop_quality_by_track_id.29	1
appearance_crop_quality_by_track_id.29.aspect_ratio	1
appearance_crop_quality_by_track_id.29.clipping_fraction	1
appearance_crop_quality_by_track_id.29.crop_height_px	1
appearance_crop_quality_by_track_id.29.crop_width_px	1
appearance_crop_quality_by_track_id.29.encoding_eligible	1
appearance_crop_quality_by_track_id.29.max_iou_with_other	1
appearance_crop_quality_by_track_id.29.memory_update_eligible	1
appearance_crop_quality_by_track_id.29.min_centre_distance_norm	1
appearance_crop_quality_by_track_id.29.rejection_reasons	1
appearance_crop_quality_by_track_id.29.rejection_reasons[]	1
