sequence_id,architecture_id,metric,old,corrected,delta,unit
heldout_h01_exit_reentry,bytetrack_raw,correct_target_output_duration_s,4.533121531,4.566355193,0.033233661999999775,s
heldout_h01_exit_reentry,bytetrack_raw,wrong_person_output_duration_s,3.8334776139999986,3.866438284000009,0.03296067000001024,s
heldout_h01_exit_reentry,bytetrack_raw,identity_unresolved_duration_s,0.0,0.0,0.0,s
heldout_h01_exit_reentry,bytetrack_raw,lost_or_suppressed_duration_s,31.266607781000005,31.200413448999996,-0.06619433200000913,s
heldout_h01_exit_reentry,bytetrack_raw,target_absent_duration_s,22.300219459999994,22.300219459999994,0.0,s
heldout_h01_exit_reentry,bytetrack_raw,target_absent_with_output_duration_s,1.2004809900000222,1.1667243529999993,-0.03375663700002285,s
heldout_h01_exit_reentry,bytetrack_raw,reference_unavailable_duration_s,0.0,0.0,0.0,s
heldout_h01_exit_reentry,bytetrack_raw,reference_gap_duration_s,0.133013131000002,0.133013131000002,0.0,s
heldout_h01_exit_reentry,bytetrack_raw,reference_gap_with_output_duration_s,0.033189253999999835,0.033189253999999835,0.0,s
heldout_h01_exit_reentry,bytetrack_raw,iou_duration_weighted_mean,0.8106494534688984,0.8595086929198993,0.0488592394510009,fraction
heldout_h01_exit_reentry,bytetrack_raw,iou_median,0.8090849455030314,0.8804286264276735,0.07134368092464205,fraction
heldout_h01_exit_reentry,bytetrack_raw,centre_error_px_duration_weighted_mean,3.326769239078152,2.139034989150702,-1.1877342499274501,px
heldout_h01_exit_reentry,bytetrack_raw,scored_duration_s,4.533121531,4.566355193,0.033233661999999775,s
heldout_h01_exit_reentry,bytetrack_raw,n_samples,215,218,3,count
heldout_h01_exit_reentry,target_reid_090,correct_target_output_duration_s,2.633099069000003,2.59983795999999,-0.033261109000013,s
heldout_h01_exit_reentry,target_reid_090,wrong_person_output_duration_s,0.0,0.0,0.0,s
heldout_h01_exit_reentry,target_reid_090,identity_unresolved_duration_s,0.0,0.0,0.0,s
heldout_h01_exit_reentry,target_reid_090,lost_or_suppressed_duration_s,37.000107857,37.03336896600001,0.03326110900000856,s
heldout_h01_exit_reentry,target_reid_090,target_absent_duration_s,22.300219459999994,22.300219459999994,0.0,s
heldout_h01_exit_reentry,target_reid_090,target_absent_with_output_duration_s,0.0,0.0,0.0,s
heldout_h01_exit_reentry,target_reid_090,reference_unavailable_duration_s,0.0,0.0,0.0,s
heldout_h01_exit_reentry,target_reid_090,reference_gap_duration_s,0.133013131000002,0.133013131000002,0.0,s
heldout_h01_exit_reentry,target_reid_090,reference_gap_with_output_duration_s,0.0,0.0,0.0,s
heldout_h01_exit_reentry,target_reid_090,iou_duration_weighted_mean,0.7359951448178175,0.8586851562379176,0.12269001142010016,fraction
heldout_h01_exit_reentry,target_reid_090,iou_median,0.766722432301953,0.8659068832155209,0.09918445091356787,fraction
heldout_h01_exit_reentry,target_reid_090,centre_error_px_duration_weighted_mean,5.538390748915326,2.0780708278777884,-3.4603199210375375,px
heldout_h01_exit_reentry,target_reid_090,scored_duration_s,2.633099069000003,2.59983795999999,-0.033261109000013,s
heldout_h01_exit_reentry,target_reid_090,n_samples,131,129,-2,count
heldout_h01_exit_reentry,bytetrack_tim_mars,correct_target_output_duration_s,30.016216754999824,30.299888245999995,0.2836714910001703,s
heldout_h01_exit_reentry,bytetrack_tim_mars,wrong_person_output_duration_s,0.09997767800000013,0.0,-0.09997767800000013,s
heldout_h01_exit_reentry,bytetrack_tim_mars,identity_unresolved_duration_s,0.0,0.0,0.0,s
heldout_h01_exit_reentry,bytetrack_tim_mars,lost_or_suppressed_duration_s,9.51701249300018,9.333318680000007,-0.18369381300017373,s
heldout_h01_exit_reentry,bytetrack_tim_mars,target_absent_duration_s,22.300219459999994,22.300219459999994,0.0,s
heldout_h01_exit_reentry,bytetrack_tim_mars,target_absent_with_output_duration_s,0.0,0.0,0.0,s
heldout_h01_exit_reentry,bytetrack_tim_mars,reference_unavailable_duration_s,0.0,0.0,0.0,s
heldout_h01_exit_reentry,bytetrack_tim_mars,reference_gap_duration_s,0.133013131000002,0.133013131000002,0.0,s
heldout_h01_exit_reentry,bytetrack_tim_mars,reference_gap_with_output_duration_s,0.0,0.0,0.0,s
heldout_h01_exit_reentry,bytetrack_tim_mars,iou_duration_weighted_mean,0.7428995012570077,0.8352824919916813,0.0923829907346736,fraction
heldout_h01_exit_reentry,bytetrack_tim_mars,iou_median,0.7547819737178573,0.8453932163660641,0.09061124264820686,fraction
heldout_h01_exit_reentry,bytetrack_tim_mars,centre_error_px_duration_weighted_mean,6.063314944131326,2.894892364001932,-3.168422580129394,px
heldout_h01_exit_reentry,bytetrack_tim_mars,scored_duration_s,30.016216754999824,30.299888245999995,0.2836714910001703,s
heldout_h01_exit_reentry,bytetrack_tim_mars,n_samples,1477,1495,18,count
heldout_h01_exit_reentry,deepsort_raw,correct_target_output_duration_s,9.316574000000013,9.433317300999999,0.11674330099998542,s
heldout_h01_exit_reentry,deepsort_raw,wrong_person_output_duration_s,0.09997767800000013,0.0,-0.09997767800000013,s
heldout_h01_exit_reentry,deepsort_raw,identity_unresolved_duration_s,0.0,0.0,0.0,s
heldout_h01_exit_reentry,deepsort_raw,lost_or_suppressed_duration_s,30.216655247999988,30.199889625000004,-0.01676562299998352,s
heldout_h01_exit_reentry,deepsort_raw,target_absent_duration_s,22.300219459999994,22.300219459999994,0.0,s
heldout_h01_exit_reentry,deepsort_raw,target_absent_with_output_duration_s,0.0,0.0,0.0,s
heldout_h01_exit_reentry,deepsort_raw,reference_unavailable_duration_s,0.0,0.0,0.0,s
heldout_h01_exit_reentry,deepsort_raw,reference_gap_duration_s,0.133013131000002,0.133013131000002,0.0,s
heldout_h01_exit_reentry,deepsort_raw,reference_gap_with_output_duration_s,0.0,0.0,0.0,s
heldout_h01_exit_reentry,deepsort_raw,iou_duration_weighted_mean,0.7470456448872598,0.8330552644656457,0.08600961957838593,fraction
heldout_h01_exit_reentry,deepsort_raw,iou_median,0.7566456691516001,0.8378815337700359,0.0812358646184358,fraction
heldout_h01_exit_reentry,deepsort_raw,centre_error_px_duration_weighted_mean,4.427756595125235,2.2746381461724927,-2.153118448952742,px
heldout_h01_exit_reentry,deepsort_raw,scored_duration_s,9.316574000000013,9.433317301,0.1167433009999872,s
heldout_h01_exit_reentry,deepsort_raw,n_samples,452,459,7,count
heldout_h02_crossing,bytetrack_raw,correct_target_output_duration_s,16.06670243,16.233310777000003,0.16660834700000393,s
heldout_h02_crossing,bytetrack_raw,wrong_person_output_duration_s,15.899951887000007,15.666769109999994,-0.23318277700001389,s
heldout_h02_crossing,bytetrack_raw,identity_unresolved_duration_s,0.0,0.0,0.0,s
heldout_h02_crossing,bytetrack_raw,lost_or_suppressed_duration_s,13.666725518999993,13.733299949000001,0.06657443000000818,s
heldout_h02_crossing,bytetrack_raw,target_absent_duration_s,5.733018364999999,5.733018364999999,0.0,s
heldout_h02_crossing,bytetrack_raw,target_absent_with_output_duration_s,0.23335365900000005,0.29997646099999997,0.06662280199999993,s
heldout_h02_crossing,bytetrack_raw,reference_unavailable_duration_s,0.0,0.0,0.0,s
heldout_h02_crossing,bytetrack_raw,reference_gap_duration_s,0.033327126000003204,0.033327126000003204,0.0,s
heldout_h02_crossing,bytetrack_raw,reference_gap_with_output_duration_s,0.0,0.0,0.0,s
heldout_h02_crossing,bytetrack_raw,iou_duration_weighted_mean,0.7683640066379706,0.804583829572368,0.036219822934397405,fraction
heldout_h02_crossing,bytetrack_raw,iou_median,0.7778907903067447,0.8123041011348275,0.034413310828082855,fraction
heldout_h02_crossing,bytetrack_raw,centre_error_px_duration_weighted_mean,5.253598462156279,4.084417563225301,-1.1691808989309775,px
heldout_h02_crossing,bytetrack_raw,scored_duration_s,16.066702429999996,16.233310777000003,0.16660834700000748,s
heldout_h02_crossing,bytetrack_raw,n_samples,793,799,6,count
heldout_h02_crossing,target_reid_090,correct_target_output_duration_s,0.10003056099999696,0.10002404200000115,-6.518999995819286e-06,s
heldout_h02_crossing,target_reid_090,wrong_person_output_duration_s,0.0,0.0,0.0,s
heldout_h02_crossing,target_reid_090,identity_unresolved_duration_s,0.0,0.0,0.0,s
heldout_h02_crossing,target_reid_090,lost_or_suppressed_duration_s,45.533349275,45.533355793999995,6.518999995819286e-06,s
heldout_h02_crossing,target_reid_090,target_absent_duration_s,5.733018364999999,5.733018364999999,0.0,s
heldout_h02_crossing,target_reid_090,target_absent_with_output_duration_s,0.0665368049999997,0.06686964400000006,0.00033283900000036226,s
heldout_h02_crossing,target_reid_090,reference_unavailable_duration_s,0.0,0.0,0.0,s
heldout_h02_crossing,target_reid_090,reference_gap_duration_s,0.033327126000003204,0.033327126000003204,0.0,s
heldout_h02_crossing,target_reid_090,reference_gap_with_output_duration_s,0.0,0.0,0.0,s
heldout_h02_crossing,target_reid_090,iou_duration_weighted_mean,0.6426849581588214,0.64511002281246,0.0024250646536385645,fraction
heldout_h02_crossing,target_reid_090,iou_median,0.6377615988174574,0.6377615988174574,0.0,fraction
heldout_h02_crossing,target_reid_090,centre_error_px_duration_weighted_mean,9.389758777693853,10.346191483773408,0.9564327060795552,px
heldout_h02_crossing,target_reid_090,scored_duration_s,0.10003056099999696,0.10002404200000115,-6.518999995819286e-06,s
heldout_h02_crossing,target_reid_090,n_samples,5,5,0,count
heldout_h02_crossing,bytetrack_tim_mars,correct_target_output_duration_s,11.70005333,11.633283985999999,-0.06676934400000079,s
heldout_h02_crossing,bytetrack_tim_mars,wrong_person_output_duration_s,0.0,0.0,0.0,s
heldout_h02_crossing,bytetrack_tim_mars,identity_unresolved_duration_s,0.0,0.0,0.0,s
heldout_h02_crossing,bytetrack_tim_mars,lost_or_suppressed_duration_s,33.93332650599999,34.00009585,0.06676934400000789,s
heldout_h02_crossing,bytetrack_tim_mars,target_absent_duration_s,5.733018364999999,5.733018364999999,0.0,s
heldout_h02_crossing,bytetrack_tim_mars,target_absent_with_output_duration_s,0.23335365900000005,0.29997646099999997,0.06662280199999993,s
heldout_h02_crossing,bytetrack_tim_mars,reference_unavailable_duration_s,0.0,0.0,0.0,s
heldout_h02_crossing,bytetrack_tim_mars,reference_gap_duration_s,0.033327126000003204,0.033327126000003204,0.0,s
heldout_h02_crossing,bytetrack_tim_mars,reference_gap_with_output_duration_s,0.0,0.0,0.0,s
heldout_h02_crossing,bytetrack_tim_mars,iou_duration_weighted_mean,0.7730363949648015,0.8293030149428245,0.05626661997802307,fraction
heldout_h02_crossing,bytetrack_tim_mars,iou_median,0.7778907903067447,0.8313970217194782,0.053506231412733474,fraction
heldout_h02_crossing,bytetrack_tim_mars,centre_error_px_duration_weighted_mean,5.402760452281058,3.3728763343655364,-2.0298841179155214,px
heldout_h02_crossing,bytetrack_tim_mars,scored_duration_s,11.70005333,11.633283985999999,-0.06676934400000079,s
heldout_h02_crossing,bytetrack_tim_mars,n_samples,575,571,-4,count
heldout_h02_crossing,deepsort_raw,correct_target_output_duration_s,13.666611696000002,13.600045426000001,-0.06656627000000093,s
heldout_h02_crossing,deepsort_raw,wrong_person_output_duration_s,0.0,0.0,0.0,s
heldout_h02_crossing,deepsort_raw,identity_unresolved_duration_s,0.0,0.0,0.0,s
heldout_h02_crossing,deepsort_raw,lost_or_suppressed_duration_s,31.966768139999996,32.033334409999995,0.06656626999999915,s
heldout_h02_crossing,deepsort_raw,target_absent_duration_s,5.733018364999999,5.733018364999999,0.0,s
heldout_h02_crossing,deepsort_raw,target_absent_with_output_duration_s,0.23335365900000005,0.29997646099999997,0.06662280199999993,s
heldout_h02_crossing,deepsort_raw,reference_unavailable_duration_s,0.0,0.0,0.0,s
heldout_h02_crossing,deepsort_raw,reference_gap_duration_s,0.033327126000003204,0.033327126000003204,0.0,s
heldout_h02_crossing,deepsort_raw,reference_gap_with_output_duration_s,0.0,0.0,0.0,s
heldout_h02_crossing,deepsort_raw,iou_duration_weighted_mean,0.7806191885491699,0.821758516065108,0.04113932751593807,fraction
heldout_h02_crossing,deepsort_raw,iou_median,0.7879573739764246,0.8310197485284784,0.04306237455205375,fraction
heldout_h02_crossing,deepsort_raw,centre_error_px_duration_weighted_mean,4.742906391201163,3.335481224081223,-1.4074251671199396,px
heldout_h02_crossing,deepsort_raw,scored_duration_s,13.666611696,13.600045426000001,-0.06656626999999915,s
heldout_h02_crossing,deepsort_raw,n_samples,673,671,-2,count
heldout_h03_occlusion_distractor,bytetrack_raw,correct_target_output_duration_s,27.232552229999836,27.182607491999796,-0.049944738000039735,s
heldout_h03_occlusion_distractor,bytetrack_raw,wrong_person_output_duration_s,16.867387124999894,16.783789008000195,-0.0835981169996991,s
heldout_h03_occlusion_distractor,bytetrack_raw,identity_unresolved_duration_s,0.0,0.0,0.0,s
heldout_h03_occlusion_distractor,bytetrack_raw,lost_or_suppressed_duration_s,1.999696322000272,2.1332391770000108,0.13354285499973884,s
heldout_h03_occlusion_distractor,bytetrack_raw,target_absent_duration_s,3.3000942820000034,3.3000942820000034,0.0,s
heldout_h03_occlusion_distractor,bytetrack_raw,target_absent_with_output_duration_s,0.0,0.0,0.0,s
heldout_h03_occlusion_distractor,bytetrack_raw,reference_unavailable_duration_s,0.0,0.0,0.0,s
heldout_h03_occlusion_distractor,bytetrack_raw,reference_gap_duration_s,0.0333238209999962,0.0333238209999962,0.0,s
heldout_h03_occlusion_distractor,bytetrack_raw,reference_gap_with_output_duration_s,0.0,0.0,0.0,s
heldout_h03_occlusion_distractor,bytetrack_raw,iou_duration_weighted_mean,0.796029242322614,0.8224842880576712,0.026455045735057192,fraction
heldout_h03_occlusion_distractor,bytetrack_raw,iou_median,0.8132350575924009,0.8375724317435752,0.024337374151174318,fraction
heldout_h03_occlusion_distractor,bytetrack_raw,centre_error_px_duration_weighted_mean,3.427353330527051,2.6967790103783535,-0.7305743201486976,px
heldout_h03_occlusion_distractor,bytetrack_raw,scored_duration_s,27.232552229999836,27.182607491999796,-0.049944738000039735,s
heldout_h03_occlusion_distractor,bytetrack_raw,n_samples,1338,1336,-2,count
heldout_h03_occlusion_distractor,target_reid_090,correct_target_output_duration_s,0.46706961200000013,0.4960256470000001,0.02895603499999999,s
heldout_h03_occlusion_distractor,target_reid_090,wrong_person_output_duration_s,0.0,0.0,0.0,s
heldout_h03_occlusion_distractor,target_reid_090,identity_unresolved_duration_s,0.0,0.0,0.0,s
heldout_h03_occlusion_distractor,target_reid_090,lost_or_suppressed_duration_s,45.632566065,45.603610030000006,-0.028956034999993108,s
heldout_h03_occlusion_distractor,target_reid_090,target_absent_duration_s,3.3000942820000034,3.3000942820000034,0.0,s
heldout_h03_occlusion_distractor,target_reid_090,target_absent_with_output_duration_s,0.0,0.0,0.0,s
heldout_h03_occlusion_distractor,target_reid_090,reference_unavailable_duration_s,0.0,0.0,0.0,s
heldout_h03_occlusion_distractor,target_reid_090,reference_gap_duration_s,0.0333238209999962,0.0333238209999962,0.0,s
heldout_h03_occlusion_distractor,target_reid_090,reference_gap_with_output_duration_s,0.0,0.0,0.0,s
heldout_h03_occlusion_distractor,target_reid_090,iou_duration_weighted_mean,0.9001655959009389,0.9212141153262071,0.021048519425268197,fraction
heldout_h03_occlusion_distractor,target_reid_090,iou_median,0.9292691255017789,0.9384504496084172,0.0091813241066383,fraction
heldout_h03_occlusion_distractor,target_reid_090,centre_error_px_duration_weighted_mean,1.358469942468477,0.9335275397246893,-0.4249424027437877,px
heldout_h03_occlusion_distractor,target_reid_090,scored_duration_s,0.4670696120000001,0.4960256470000001,0.028956035000000047,s
heldout_h03_occlusion_distractor,target_reid_090,n_samples,24,25,1,count
heldout_h03_occlusion_distractor,bytetrack_tim_mars,correct_target_output_duration_s,20.932933131,20.866269431,-0.06666369999999944,s
heldout_h03_occlusion_distractor,bytetrack_tim_mars,wrong_person_output_duration_s,0.0,0.0,0.0,s
heldout_h03_occlusion_distractor,bytetrack_tim_mars,identity_unresolved_duration_s,0.0,0.0,0.0,s
heldout_h03_occlusion_distractor,bytetrack_tim_mars,lost_or_suppressed_duration_s,25.166702546000003,25.233366246000003,0.06666369999999944,s
heldout_h03_occlusion_distractor,bytetrack_tim_mars,target_absent_duration_s,3.3000942820000034,3.3000942820000034,0.0,s
heldout_h03_occlusion_distractor,bytetrack_tim_mars,target_absent_with_output_duration_s,0.0,0.0,0.0,s
heldout_h03_occlusion_distractor,bytetrack_tim_mars,reference_unavailable_duration_s,0.0,0.0,0.0,s
heldout_h03_occlusion_distractor,bytetrack_tim_mars,reference_gap_duration_s,0.0333238209999962,0.0333238209999962,0.0,s
heldout_h03_occlusion_distractor,bytetrack_tim_mars,reference_gap_with_output_duration_s,0.0,0.0,0.0,s
heldout_h03_occlusion_distractor,bytetrack_tim_mars,iou_duration_weighted_mean,0.7946969427195854,0.8224972907470506,0.027800348027465227,fraction
heldout_h03_occlusion_distractor,bytetrack_tim_mars,iou_median,0.8128270614950848,0.8381698104622464,0.0253427489671616,fraction
heldout_h03_occlusion_distractor,bytetrack_tim_mars,centre_error_px_duration_weighted_mean,3.39063445859917,2.63015453483287,-0.7604799237663,px
heldout_h03_occlusion_distractor,bytetrack_tim_mars,scored_duration_s,20.932933131,20.866269431,-0.06666369999999944,s
heldout_h03_occlusion_distractor,bytetrack_tim_mars,n_samples,1029,1026,-3,count
heldout_h03_occlusion_distractor,deepsort_raw,correct_target_output_duration_s,45.18359141400006,45.199796817,0.01620540299993678,s
heldout_h03_occlusion_distractor,deepsort_raw,wrong_person_output_duration_s,0.06668654600000323,0.0,-0.06668654600000323,s
heldout_h03_occlusion_distractor,deepsort_raw,identity_unresolved_duration_s,0.0,0.0,0.0,s
heldout_h03_occlusion_distractor,deepsort_raw,lost_or_suppressed_duration_s,0.8493577169999312,0.8998388600000015,0.05048114300007023,s
heldout_h03_occlusion_distractor,deepsort_raw,target_absent_duration_s,3.3000942820000034,3.3000942820000034,0.0,s
heldout_h03_occlusion_distractor,deepsort_raw,target_absent_with_output_duration_s,0.0,0.0,0.0,s
heldout_h03_occlusion_distractor,deepsort_raw,reference_unavailable_duration_s,0.0,0.0,0.0,s
heldout_h03_occlusion_distractor,deepsort_raw,reference_gap_duration_s,0.0333238209999962,0.0333238209999962,0.0,s
heldout_h03_occlusion_distractor,deepsort_raw,reference_gap_with_output_duration_s,0.0,0.0,0.0,s
heldout_h03_occlusion_distractor,deepsort_raw,iou_duration_weighted_mean,0.7880162365833585,0.8157752077936459,0.027758971210287364,fraction
heldout_h03_occlusion_distractor,deepsort_raw,iou_median,0.7978609100941709,0.8261860135752666,0.028325103481095626,fraction
heldout_h03_occlusion_distractor,deepsort_raw,centre_error_px_duration_weighted_mean,3.6063502305812203,2.7511512720609,-0.8551989585203201,px
heldout_h03_occlusion_distractor,deepsort_raw,scored_duration_s,45.18359141400007,45.199796817,0.016205402999929674,s
heldout_h03_occlusion_distractor,deepsort_raw,n_samples,2236,2236,0,count
