role	case	selected_id	image_topic	input_bag	output_bag	runner_status	final_status
baseline	may_hard_reentry	1	/camera/image_raw	/home/francisco/Desktop/Thesis-Code/bags/reference/tim_good/2026-05-14__hard_reentry__bytetrack__tim_mars_v4_margin010__target_1	/home/francisco/Desktop/Thesis-Code/bags/replay/p015_positive_bootstrap_f1fbb799/baseline_055984a3/may_hard_reentry	0	0
baseline	seq01_clean	1	/camera/dashboard	/home/francisco/Desktop/Thesis-Code/bags/source/official_flights/2026-06-19/seq01_clean_four_person/full_pipeline/2026-06-19__12-45-45__video__2026-06-19__official__seq01__clean_four_person__yolov8s_bytetrack_tim_mars	/home/francisco/Desktop/Thesis-Code/bags/replay/p015_positive_bootstrap_f1fbb799/baseline_055984a3/seq01_clean	0	0
baseline	seq03_crossing	2	/camera/dashboard	/home/francisco/Desktop/Thesis-Code/bags/source/official_flights/2026-06-19/seq03_crossing_ambiguity/full_pipeline/2026-06-19__12-57-48__video__2026-06-19__official__seq03__four_person_crossing_ambiguity__yolov8s_bytetrack_tim_mars	/home/francisco/Desktop/Thesis-Code/bags/replay/p015_positive_bootstrap_f1fbb799/baseline_055984a3/seq03_crossing	0	0
baseline	seq04_occlusion	1	/camera/dashboard	/home/francisco/Desktop/Thesis-Code/bags/source/official_flights/2026-06-19/seq04_occlusion_no_exit/full_pipeline/2026-06-19__13-01-36__video__2026-06-19__official__seq04__four_person_occlusion_no_exit__yolov8s_bytetrack_tim_mars	/home/francisco/Desktop/Thesis-Code/bags/replay/p015_positive_bootstrap_f1fbb799/baseline_055984a3/seq04_occlusion	0	0
candidate	may_hard_reentry	1	/camera/image_raw	/home/francisco/Desktop/Thesis-Code/bags/reference/tim_good/2026-05-14__hard_reentry__bytetrack__tim_mars_v4_margin010__target_1	/home/francisco/Desktop/Thesis-Code/bags/replay/p015_positive_bootstrap_f1fbb799/candidate_f1fbb799/may_hard_reentry	0	0
candidate	seq01_clean	1	/camera/dashboard	/home/francisco/Desktop/Thesis-Code/bags/source/official_flights/2026-06-19/seq01_clean_four_person/full_pipeline/2026-06-19__12-45-45__video__2026-06-19__official__seq01__clean_four_person__yolov8s_bytetrack_tim_mars	/home/francisco/Desktop/Thesis-Code/bags/replay/p015_positive_bootstrap_f1fbb799/candidate_f1fbb799/seq01_clean	0	0
candidate	seq03_crossing	2	/camera/dashboard	/home/francisco/Desktop/Thesis-Code/bags/source/official_flights/2026-06-19/seq03_crossing_ambiguity/full_pipeline/2026-06-19__12-57-48__video__2026-06-19__official__seq03__four_person_crossing_ambiguity__yolov8s_bytetrack_tim_mars	/home/francisco/Desktop/Thesis-Code/bags/replay/p015_positive_bootstrap_f1fbb799/candidate_f1fbb799/seq03_crossing	0	0
candidate	seq04_occlusion	1	/camera/dashboard	/home/francisco/Desktop/Thesis-Code/bags/source/official_flights/2026-06-19/seq04_occlusion_no_exit/full_pipeline/2026-06-19__13-01-36__video__2026-06-19__official__seq04__four_person_occlusion_no_exit__yolov8s_bytetrack_tim_mars	/home/francisco/Desktop/Thesis-Code/bags/replay/p015_positive_bootstrap_f1fbb799/candidate_f1fbb799/seq04_occlusion	0	0
candidate_repeat	seq04_occlusion_repeat	1	/camera/dashboard	/home/francisco/Desktop/Thesis-Code/bags/source/official_flights/2026-06-19/seq04_occlusion_no_exit/full_pipeline/2026-06-19__13-01-36__video__2026-06-19__official__seq04__four_person_occlusion_no_exit__yolov8s_bytetrack_tim_mars	/home/francisco/Desktop/Thesis-Code/bags/replay/p015_positive_bootstrap_f1fbb799/candidate_f1fbb799_repeat/seq04_occlusion_repeat	0	0
